id_station,dh_utc,temperature,pression,humidite,point_de_rosee,vent_moyen,vent_rafales,vent_direction,pluie_3h,pluie_1h
000A6,2023-01-01 00:00:00,10.8,1020.3,63,4.1,4.8,0,236,0.0,0.0
000A6,2023-01-01 00:30:00,10.8,1020.1,64,4.3,3.2,0,232,0.0,0.0
000A6,2023-01-01 01:00:00,10.6,1019.9,65,4.2,4.8,0,242,0.0,0.0
000A6,2023-01-01 01:30:00,10.4,1019.6,64,3.9,11.3,0,259,0.0,0.0
000A6,2023-01-01 02:00:00,10.3,1019.9,64,3.8,8.0,0,242,0.0,0.0
000A6,2023-01-01 02:30:00,10.2,1019.9,65,3.9,8.0,0,270,0.0,0.0
000A6,2023-01-01 03:00:00,10.2,1020.1,64,3.7,9.7,0,248,0.0,0.0
000A6,2023-01-01 03:30:00,10.4,1020.1,64,3.9,9.7,0,263,0.0,0.0
000A6,2023-01-01 04:00:00,10.1,1020.1,65,3.8,9.7,0,243,0.0,0.0
000A6,2023-01-01 04:30:00,9.3,1020.4,67,3.5,8.0,0,240,0.0,0.0
000A6,2023-01-01 05:00:00,9.1,1020.3,68,3.5,6.4,0,286,0.0,0.0
000A6,2023-01-01 05:30:00,9.3,1020.6,68,3.7,11.3,0,268,0.0,0.0
000A6,2023-01-01 06:00:00,9.1,1020.7,73,4.5,4.8,0,246,0.0,0.0
000A6,2023-01-01 06:30:00,9.3,1020.6,70,4.1,1.6,0,190,0.0,0.0
000A6,2023-01-01 07:00:00,9.1,1020.4,70,3.9,4.8,0,240,0.0,0.0
000A6,2023-01-01 07:30:00,9.1,1020.3,70,3.9,0.0,0,227,0.0,0.0
000A6,2023-01-01 08:00:00,8.6,1020.2,72,3.8,0.0,0,193,0.0,0.0
000A6,2023-01-01 08:30:00,8.4,1020.5,72,3.6,0.0,0,233,0.0,0.0
000A6,2023-01-01 09:00:00,9.8,1020.2,69,4.4,4.8,0,153,0.0,0.0
000A6,2023-01-01 09:30:00,9.7,1020.4,72,4.9,0.0,0,118,0.0,0.0
000A6,2023-01-01 10:00:00,9.4,1020.3,71,4.4,1.6,0,118,0.0,0.0
000A6,2023-01-01 10:30:00,9.3,1020.1,71,4.3,0.0,0,136,0.0,0.0
000A6,2023-01-01 11:00:00,9.9,1020.1,67,4.1,3.2,0,184,0.0,0.0
000A6,2023-01-01 11:30:00,11.4,1019.8,63,4.6,3.2,0,198,0.0,0.0
000A6,2023-01-01 12:00:00,13.8,1019.5,53,4.4,6.4,0,237,0.0,0.0
000A6,2023-01-01 12:30:00,14.2,1019.2,53,4.7,4.8,0,197,0.0,0.0
000A6,2023-01-01 13:00:00,14.0,1019.0,54,4.8,6.4,0,195,0.0,0.0
000A6,2023-01-01 13:30:00,13.9,1018.8,52,4.2,6.4,0,238,0.0,0.0
000A6,2023-01-01 14:00:00,13.5,1018.8,52,3.8,3.2,0,263,0.0,0.0
000A6,2023-01-01 14:30:00,12.5,1018.8,53,3.2,1.6,0,245,0.0,0.0
000A6,2023-01-01 15:00:00,11.1,1019.0,61,3.9,0.0,0,194,0.0,0.0
000A6,2023-01-01 15:30:00,11.7,1019.1,55,3.0,9.7,0,255,0.0,0.0
000A6,2023-01-01 16:00:00,11.6,1019.4,55,2.8,8.0,0,216,0.0,0.0
000A6,2023-01-01 16:30:00,11.0,1019.6,58,3.0,8.0,0,252,0.0,0.0
000A6,2023-01-01 17:00:00,11.1,1019.5,57,2.9,9.7,0,280,0.0,0.0
000A6,2023-01-01 17:30:00,11.2,1019.3,56,2.7,9.7,0,271,0.0,0.0
000A6,2023-01-01 18:00:00,11.1,1019.5,56,2.6,8.0,0,234,0.0,0.0
000A6,2023-01-01 18:30:00,11.1,1019.2,56,2.7,4.8,0,251,0.0,0.0
000A6,2023-01-01 19:00:00,10.7,1019.2,57,2.5,4.8,0,215,0.0,0.0
000A6,2023-01-01 19:30:00,10.8,1019.2,57,2.6,9.7,0,236,0.0,0.0
000A6,2023-01-01 20:00:00,10.9,1019.2,55,2.2,6.4,0,238,0.0,0.0
000A6,2023-01-01 20:30:00,10.3,1019.2,59,2.7,0.0,0,302,0.0,0.0
000A6,2023-01-01 21:00:00,8.7,1019.0,64,2.2,0.0,0,355,0.0,0.0
000A6,2023-01-01 21:30:00,8.4,1018.9,61,1.3,0.0,0,277,0.0,0.0
000A6,2023-01-01 22:00:00,9.1,1018.8,61,1.9,3.2,0,254,0.0,0.0
000A6,2023-01-01 22:30:00,10.5,1018.8,54,1.6,3.2,0,209,0.0,0.0
000A6,2023-01-01 23:00:00,11.2,1018.6,53,1.9,9.7,0,240,0.0,0.0
000A6,2023-01-01 23:30:00,11.1,1018.6,53,1.8,9.7,0,281,0.0,0.0
000A6,2023-01-02 00:00:00,10.6,1018.3,54,1.7,1.6,0,259,0.0,0.0
000A6,2023-01-02 00:30:00,10.7,1018.3,52,1.3,4.8,0,249,0.0,0.0
000A6,2023-01-02 01:00:00,9.3,1018.0,58,1.5,0.0,0,234,0.0,0.0
000A6,2023-01-02 01:30:00,7.7,1017.8,63,1.1,1.6,0,233,0.0,0.0
000A6,2023-01-02 02:00:00,8.4,1017.6,59,0.9,0.0,0,229,0.0,0.0
000A6,2023-01-02 02:30:00,9.0,1017.3,56,0.7,6.4,0,241,0.0,0.0
000A6,2023-01-02 03:00:00,9.5,1017.3,56,1.1,11.3,0,254,0.0,0.0
000A6,2023-01-02 03:30:00,9.3,1017.3,56,0.9,14.5,0,236,0.0,0.0
000A6,2023-01-02 04:00:00,9.4,1017.2,55,0.8,12.9,0,239,0.0,0.0
000A6,2023-01-02 04:30:00,9.2,1017.2,55,0.6,8.0,0,240,0.0,0.0
000A6,2023-01-02 05:00:00,9.5,1017.1,53,0.4,12.9,0,256,0.0,0.0
000A6,2023-01-02 05:30:00,9.3,1017.3,54,0.5,8.0,0,238,0.0,0.0
000A6,2023-01-02 06:00:00,9.5,1017.5,53,0.4,9.7,0,225,0.0,0.0
000A6,2023-01-02 06:30:00,9.3,1017.4,54,0.5,9.7,0,237,0.0,0.0
000A6,2023-01-02 07:00:00,9.2,1017.4,53,0.1,6.4,0,240,0.0,0.0
000A6,2023-01-02 07:30:00,9.6,1017.7,51,-0.0,6.4,0,229,0.0,0.0
000A6,2023-01-02 08:00:00,9.4,1018.2,53,0.3,16.1,0,246,0.0,0.0
000A6,2023-01-02 08:30:00,8.6,1018.7,58,0.8,12.9,0,266,0.0,0.0
000A6,2023-01-02 09:00:00,9.0,1018.9,56,0.7,14.5,0,242,0.0,0.0
000A6,2023-01-02 09:30:00,9.4,1019.0,56,1.1,11.3,0,227,0.0,0.0
000A6,2023-01-02 10:00:00,9.9,1019.0,53,0.7,9.7,0,238,0.0,0.0
000A6,2023-01-02 10:30:00,11.6,1018.7,49,1.2,6.4,0,210,0.0,0.0
000A6,2023-01-02 11:00:00,10.4,1018.6,58,2.5,3.2,0,208,0.0,0.0
000A6,2023-01-02 11:30:00,10.0,1018.8,56,1.6,16.1,0,248,0.0,0.0
000A6,2023-01-02 12:00:00,9.2,1018.9,59,1.6,14.5,0,259,0.0,0.0
000A6,2023-01-02 12:30:00,8.5,1019.3,63,1.9,14.5,0,240,0.0,0.0
000A6,2023-01-02 13:00:00,9.1,1019.5,62,2.2,9.7,0,221,0.0,0.0
000A6,2023-01-02 13:30:00,8.9,1019.7,63,2.2,8.0,0,296,0.0,0.0
000A6,2023-01-02 14:00:00,8.6,1020.2,65,2.4,4.8,0,275,0.0,0.0
000A6,2023-01-02 14:30:00,8.5,1020.6,65,2.3,3.2,0,237,0.0,0.0
000A6,2023-01-02 15:00:00,8.1,1020.8,66,2.1,3.2,0,244,0.0,0.0
000A6,2023-01-02 15:30:00,7.8,1021.1,68,2.2,1.6,0,198,0.0,0.0
000A6,2023-01-02 16:00:00,7.3,1021.7,73,2.8,0.0,0,225,0.0,0.0
000A6,2023-01-02 16:30:00,6.4,1021.8,82,3.5,0.0,0,128,0.0,0.0
000A6,2023-01-02 17:00:00,5.9,1022.3,83,3.3,0.0,0,251,0.0,0.3
000A6,2023-01-02 17:30:00,5.6,1022.2,86,3.5,0.0,0,251,0.0,0.0
000A6,2023-01-02 18:00:00,6.1,1022.3,83,3.4,0.0,0,246,0.3,0.0
000A6,2023-01-02 18:30:00,5.8,1022.3,85,3.5,0.0,0,246,0.0,0.0
000A6,2023-01-02 19:00:00,5.6,1022.5,86,3.5,0.0,0,246,0.0,0.0
000A6,2023-01-02 19:30:00,5.5,1022.7,88,3.7,0.0,0,246,0.0,0.0
000A6,2023-01-02 20:00:00,5.3,1022.8,89,3.6,0.0,0,246,0.0,0.0
000A6,2023-01-02 20:30:00,5.1,1022.8,90,3.6,0.0,0,246,0.0,0.0
000A6,2023-01-02 21:00:00,4.9,1023.3,91,3.5,0.0,0,246,0.0,0.0
000A6,2023-01-02 21:30:00,4.6,1023.5,92,3.4,0.0,0,246,0.0,0.0
000A6,2023-01-02 22:00:00,4.4,1023.7,93,3.4,0.0,0,246,0.0,0.0
000A6,2023-01-02 22:30:00,4.3,1023.9,94,3.4,0.0,0,246,0.0,0.0
000A6,2023-01-02 23:00:00,4.2,1023.9,95,3.4,0.0,0,246,0.0,0.5
000A6,2023-01-02 23:30:00,4.1,1024.0,95,3.4,0.0,0,246,0.0,0.0
000A6,2023-01-03 00:00:00,4.1,1024.1,96,3.5,0.0,0,246,0.0,0.0
000A6,2023-01-03 00:30:00,4.2,1024.0,96,3.6,0.0,0,246,0.0,0.0
000A6,2023-01-03 01:00:00,4.2,1023.9,96,3.6,0.0,0,246,0.0,0.8
000A6,2023-01-03 01:30:00,4.0,1024.1,96,3.4,0.0,0,246,0.0,0.0
000A6,2023-01-03 02:00:00,3.9,1024.4,96,3.3,0.0,0,246,0.0,0.5
000A6,2023-01-03 02:30:00,3.8,1024.4,96,3.3,0.0,0,246,0.0,0.0
000A6,2023-01-03 03:30:00,3.8,1024.2,96,3.3,0.0,0,246,0.0,0.0
000A6,2023-01-03 04:00:00,3.8,1024.1,96,3.3,0.0,0,246,0.0,0.5
000A6,2023-01-03 04:30:00,3.7,1024.3,96,3.1,0.0,0,246,0.0,0.0
000A6,2023-01-03 05:00:00,3.7,1024.6,96,3.1,0.0,0,246,0.0,0.2
000A6,2023-01-03 05:30:00,3.6,1024.7,96,3.0,0.0,0,246,0.0,0.0
000A6,2023-01-03 06:30:00,3.6,1025.3,96,3.0,0.0,0,246,0.0,0.0
000A6,2023-01-03 07:00:00,3.7,1025.4,96,3.1,0.0,0,246,0.0,0.3
000A6,2023-01-03 07:30:00,3.6,1025.7,97,3.2,0.0,0,246,0.0,0.0
000A6,2023-01-03 08:00:00,3.7,1025.9,97,3.3,0.0,0,246,0.0,0.5
000A6,2023-01-03 08:30:00,3.9,1026.4,97,3.5,0.0,0,246,0.0,0.0
000A6,2023-01-03 09:30:00,4.2,1026.8,97,3.7,0.0,0,246,0.0,0.0
000A6,2023-01-03 10:00:00,4.3,1027.2,97,3.9,0.0,0,246,0.0,0.2
000A6,2023-01-03 10:30:00,4.4,1027.2,97,4.0,0.0,0,246,0.0,0.0
000A6,2023-01-03 11:00:00,4.4,1027.0,97,4.0,0.0,0,246,0.0,0.3
000A6,2023-01-03 11:30:00,4.5,1027.1,97,4.1,0.0,0,246,0.0,0.0
000A6,2023-01-03 12:00:00,4.3,1027.0,97,3.8,0.0,0,246,0.7,0.2
000A6,2023-01-03 12:30:00,4.4,1026.9,97,4.0,0.0,0,246,0.0,0.0
000A6,2023-01-03 13:00:00,4.3,1026.8,97,3.9,0.0,0,246,0.0,0.0
000A6,2023-01-03 13:30:00,4.2,1026.8,97,3.8,0.0,0,246,0.0,0.0
000A6,2023-01-03 14:00:00,4.3,1026.8,97,3.8,0.0,0,246,0.0,0.0
000A6,2023-01-03 14:30:00,4.3,1027.0,97,3.8,0.0,0,246,0.0,0.0
000A6,2023-01-03 15:00:00,4.1,1027.3,97,3.6,0.0,0,246,0.3,0.3
000A6,2023-01-03 15:30:00,4.0,1027.7,98,3.7,0.0,0,246,0.0,0.0
000A6,2023-01-03 16:00:00,3.8,1027.8,97,3.4,0.0,0,246,0.0,0.2
000A6,2023-01-03 16:30:00,3.8,1028.0,97,3.4,0.0,0,246,0.0,0.0
000A6,2023-01-03 17:00:00,3.8,1028.3,98,3.5,0.0,0,246,0.0,0.0
000A6,2023-01-03 17:30:00,3.8,1028.4,98,3.5,0.0,0,246,0.0,0.0
000A6,2023-01-03 18:00:00,3.1,1028.4,98,2.8,0.0,0,246,0.2,0.0
000A6,2023-01-03 18:30:00,2.8,1028.4,98,2.5,0.0,0,246,0.0,0.0
000A6,2023-01-03 19:00:00,2.6,1028.4,97,2.1,0.0,0,246,0.0,0.3
000A6,2023-01-03 19:30:00,2.4,1028.6,98,2.1,0.0,0,246,0.0,0.0
000A6,2023-01-03 20:00:00,2.1,1028.7,98,1.8,0.0,0,246,0.0,0.0
000A6,2023-01-03 20:30:00,2.1,1028.9,98,1.8,0.0,0,246,0.0,0.0
000A6,2023-01-03 21:00:00,2.3,1029.2,98,2.1,0.0,0,246,0.3,0.0
000A6,2023-01-03 21:30:00,3.1,1029.3,98,2.8,1.6,0,246,0.0,0.0
000A6,2023-01-03 22:00:00,2.9,1029.5,98,2.6,0.0,0,246,0.0,0.2
000A6,2023-01-03 22:30:00,3.1,1029.6,98,2.8,0.0,0,246,0.0,0.0
000A6,2023-01-03 23:00:00,3.1,1029.4,98,2.8,0.0,0,246,0.0,0.0
000A6,2023-01-03 23:30:00,2.9,1029.1,98,2.6,0.0,0,246,0.0,0.0
000A6,2023-01-04 00:00:00,2.9,1029.1,98,2.6,3.2,0,262,0.0,0.0
000A6,2023-01-04 00:30:00,3.1,1028.9,98,2.8,3.2,0,237,0.0,0.0
000A6,2023-01-04 01:00:00,2.7,1028.8,98,2.4,0.0,0,236,0.0,0.0
000A6,2023-01-04 01:30:00,2.6,1029.2,98,2.3,0.0,0,347,0.0,0.0
000A6,2023-01-04 02:00:00,2.4,1029.4,98,2.2,0.0,0,63,0.0,0.0
000A6,2023-01-04 02:30:00,2.3,1029.5,98,2.0,0.0,0,63,0.0,0.0
000A6,2023-01-04 03:00:00,2.3,1029.7,98,2.0,0.0,0,63,0.0,0.0
000A6,2023-01-04 03:30:00,2.3,1029.7,98,2.1,1.6,0,63,0.0,0.0
000A6,2023-01-04 04:00:00,1.8,1029.4,98,1.6,0.0,0,63,0.0,0.0
000A6,2023-01-04 04:30:00,1.3,1029.2,98,1.0,0.0,0,57,0.0,0.0
000A6,2023-01-04 05:00:00,1.1,1029.3,98,0.8,0.0,0,51,0.0,0.0
000A6,2023-01-04 05:30:00,1.3,1029.3,98,1.0,1.6,0,19,0.0,0.0
000A6,2023-01-04 06:00:00,1.3,1029.6,98,1.0,0.0,0,17,0.0,0.0
000A6,2023-01-04 06:30:00,1.0,1029.9,98,0.7,0.0,0,17,0.0,0.0
000A6,2023-01-04 07:00:00,1.4,1029.7,98,1.1,3.2,0,346,0.0,0.0
000A6,2023-01-04 07:30:00,1.7,1030.0,98,1.4,1.6,0,323,0.0,0.0
000A6,2023-01-04 08:00:00,2.2,1030.0,98,1.9,0.0,0,323,0.0,0.0
000A6,2023-01-04 08:30:00,2.6,1030.2,98,2.3,0.0,0,323,0.0,0.0
000A6,2023-01-04 09:00:00,3.5,1030.5,98,3.2,0.0,0,207,0.0,0.0
000A6,2023-01-04 09:30:00,4.9,1030.6,97,4.5,0.0,0,198,0.0,0.0
000A6,2023-01-04 10:00:00,4.6,1030.6,97,4.2,0.0,0,197,0.0,0.0
000A6,2023-01-04 10:30:00,5.1,1030.4,94,4.2,0.0,0,197,0.0,0.0
000A6,2023-01-04 11:00:00,5.3,1029.9,92,4.1,1.6,0,98,0.0,0.0
000A6,2023-01-04 11:30:00,5.4,1029.9,88,3.6,0.0,0,98,0.0,0.0
000A6,2023-01-04 12:00:00,5.2,1030.0,89,3.6,0.0,0,98,0.0,0.0
000A6,2023-01-04 12:30:00,4.9,1029.7,91,3.5,0.0,0,98,0.0,0.0
000A6,2023-01-04 13:00:00,5.6,1029.3,91,4.2,0.0,0,98,0.0,0.0
000A6,2023-01-04 13:30:00,5.8,1029.2,88,3.9,0.0,0,98,0.0,0.0
000A6,2023-01-04 14:30:00,6.1,1029.1,85,3.7,0.0,0,98,0.0,0.0
000A6,2023-01-04 15:00:00,6.2,1029.1,82,3.3,0.0,0,98,0.0,0.0
000A6,2023-01-04 15:30:00,5.7,1029.3,82,2.9,0.0,0,98,0.0,0.0
000A6,2023-01-04 16:00:00,4.9,1029.4,79,1.6,0.0,0,98,0.0,0.0
000A6,2023-01-04 16:30:00,4.7,1029.6,75,0.7,0.0,0,98,0.0,0.0
000A6,2023-01-04 17:00:00,4.6,1029.6,76,0.7,0.0,0,135,0.0,0.0
000A6,2023-01-04 17:30:00,5.0,1029.9,77,1.3,0.0,0,159,0.0,0.0
000A6,2023-01-04 18:00:00,5.5,1029.9,78,2.0,0.0,0,237,0.0,0.0
000A6,2023-01-04 18:30:00,5.2,1029.9,86,3.0,0.0,0,258,0.0,0.0
000A6,2023-01-04 19:00:00,4.7,1029.9,89,3.0,0.0,0,258,0.0,0.0
000A6,2023-01-04 19:30:00,4.6,1029.5,86,2.5,0.0,0,258,0.0,0.0
000A6,2023-01-04 20:00:00,4.7,1029.5,87,2.7,0.0,0,258,0.0,0.0
000A6,2023-01-04 20:30:00,4.4,1029.5,86,2.3,0.0,0,258,0.0,0.0
000A6,2023-01-04 21:00:00,4.0,1029.5,85,1.7,0.0,0,258,0.0,0.0
000A6,2023-01-04 21:30:00,3.9,1029.2,86,1.8,0.0,0,258,0.0,0.0
000A6,2023-01-04 22:00:00,5.1,1028.6,85,2.8,4.8,0,300,0.0,0.0
000A6,2023-01-04 22:30:00,5.4,1028.2,85,3.1,0.0,0,292,0.0,0.0
000A6,2023-01-04 23:00:00,5.2,1027.9,84,2.7,0.0,0,292,0.0,0.0
000A6,2023-01-04 23:30:00,5.6,1027.9,82,2.8,0.0,0,292,0.0,0.0
000A6,2023-01-05 00:00:00,5.4,1027.9,83,2.7,0.0,0,292,0.0,0.0
000A6,2023-01-05 00:30:00,4.5,1028.0,84,2.0,0.0,0,292,0.0,0.0
000A6,2023-01-05 01:00:00,4.3,1028.0,87,2.3,0.0,0,292,0.0,0.0
000A6,2023-01-05 01:30:00,4.3,1028.0,90,2.8,1.6,0,292,0.0,0.0
000A6,2023-01-05 02:00:00,4.6,1027.9,92,3.4,0.0,0,292,0.0,0.0
000A6,2023-01-05 02:30:00,4.5,1027.7,94,3.6,0.0,0,292,0.0,0.0
000A6,2023-01-05 03:00:00,4.4,1027.3,94,3.5,0.0,0,292,0.3,0.3
000A6,2023-01-05 03:30:00,4.2,1027.0,95,3.4,1.6,0,292,0.0,0.0
000A6,2023-01-05 04:00:00,4.2,1026.8,96,3.6,0.0,0,292,0.0,0.2
000A6,2023-01-05 04:30:00,4.3,1026.7,96,3.8,0.0,0,292,0.0,0.0
000A6,2023-01-05 05:00:00,4.4,1026.5,96,3.8,0.0,0,292,0.0,0.5
000A6,2023-01-05 05:30:00,4.3,1026.7,96,3.8,0.0,0,292,0.0,0.0
000A6,2023-01-05 06:30:00,4.3,1027.0,96,3.7,0.0,0,292,0.0,0.0
000A6,2023-01-05 07:00:00,4.2,1027.0,97,3.8,0.0,0,292,0.0,0.8
000A6,2023-01-05 07:30:00,4.2,1026.6,97,3.8,0.0,0,292,0.0,0.0
000A6,2023-01-05 08:30:00,4.6,1026.6,97,4.2,0.0,0,292,0.0,0.0
000A6,2023-01-05 09:30:00,5.4,1026.5,97,5.0,0.0,0,292,0.0,0.0
000A6,2023-01-05 10:00:00,5.6,1026.6,97,5.1,0.0,0,292,0.0,1.0
000A6,2023-01-05 10:30:00,5.9,1026.5,97,5.4,0.0,0,292,0.0,0.0
000A6,2023-01-05 11:00:00,6.0,1026.3,97,5.6,0.0,0,292,0.0,1.0
000A6,2023-01-05 11:30:00,6.2,1026.0,97,5.8,0.0,0,292,0.0,0.0
000A6,2023-01-05 12:30:00,7.8,1025.4,97,7.4,0.0,0,291,0.0,0.0
000A6,2023-01-05 13:30:00,7.2,1024.9,97,6.8,0.0,0,127,0.0,0.0
000A6,2023-01-05 14:00:00,7.5,1024.7,97,7.1,0.0,0,127,0.0,1.0
000A6,2023-01-05 14:30:00,7.0,1024.5,97,6.6,0.0,0,127,0.0,0.0
000A6,2023-01-05 15:30:00,6.0,1024.4,97,5.6,0.0,0,156,0.0,0.0
000A6,2023-01-05 16:00:00,5.1,1024.5,97,4.7,0.0,0,156,0.0,0.0
000A6,2023-01-05 16:30:00,4.1,1024.5,97,3.7,0.0,0,157,0.0,0.0
000A6,2023-01-05 17:00:00,4.3,1024.5,97,3.8,0.0,0,265,0.0,0.2
000A6,2023-01-05 17:30:00,3.8,1024.4,97,3.4,1.6,0,266,0.0,0.0
000A6,2023-01-05 18:00:00,3.6,1024.4,97,3.2,0.0,0,266,0.2,0.0
000A6,2023-01-05 18:30:00,3.3,1024.3,97,2.9,1.6,0,340,0.0,0.0
000A6,2023-01-05 19:00:00,3.0,1024.1,97,2.6,0.0,0,339,0.0,0.0
000A6,2023-01-05 19:30:00,2.9,1024.0,97,2.5,0.0,0,338,0.0,0.0
000A6,2023-01-05 20:00:00,3.0,1023.8,97,2.6,0.0,0,338,0.0,0.0
000A6,2023-01-05 20:30:00,2.7,1023.7,97,2.3,0.0,0,338,0.0,0.0
000A6,2023-01-05 21:00:00,3.1,1023.4,97,2.7,0.0,0,328,0.0,0.0
000A6,2023-01-05 21:30:00,2.5,1023.3,96,1.9,0.0,0,328,0.0,0.0
000A6,2023-01-05 22:00:00,2.6,1023.2,96,2.0,3.2,0,317,0.0,0.0
000A6,2023-01-05 22:30:00,2.1,1023.1,96,1.5,3.2,0,319,0.0,0.0
000A6,2023-01-05 23:00:00,2.1,1022.9,95,1.4,3.2,0,319,0.0,0.0
000A6,2023-01-05 23:30:00,2.0,1022.8,94,1.1,3.2,0,319,0.0,0.0
000A6,2023-01-06 00:00:00,2.1,1022.5,93,1.1,0.0,0,319,0.0,0.0
000A6,2023-01-06 00:30:00,2.2,1022.4,91,0.8,0.0,0,319,0.0,0.0
000A6,2023-01-06 01:00:00,2.4,1022.3,91,1.1,1.6,0,319,0.0,0.0
000A6,2023-01-06 01:30:00,2.3,1022.6,89,0.7,0.0,0,319,0.0,0.0
000A6,2023-01-06 02:00:00,2.1,1022.5,91,0.7,0.0,0,319,0.0,0.0
000A6,2023-01-06 02:30:00,2.0,1022.3,90,0.5,0.0,0,319,0.0,0.0
000A6,2023-01-06 03:00:00,2.2,1022.1,88,0.4,0.0,0,319,0.0,0.0
000A6,2023-01-06 03:30:00,2.6,1021.8,85,0.3,0.0,0,319,0.0,0.0
000A6,2023-01-06 04:00:00,2.2,1022.0,85,-0.0,0.0,0,319,0.0,0.0
000A6,2023-01-06 04:30:00,2.5,1022.0,84,0.1,0.0,0,319,0.0,0.0
000A6,2023-01-06 05:00:00,2.4,1022.2,85,0.1,0.0,0,319,0.0,0.0
000A6,2023-01-06 05:30:00,2.3,1022.2,87,0.4,0.0,0,319,0.0,0.0
000A6,2023-01-06 06:00:00,2.1,1022.3,86,-0.0,0.0,0,319,0.0,0.0
000A6,2023-01-06 06:30:00,1.6,1022.5,85,-0.7,0.0,0,319,0.0,0.0
000A6,2023-01-06 07:00:00,1.0,1022.8,85,-1.2,0.0,0,319,0.0,0.0
000A6,2023-01-06 07:30:00,1.5,1022.8,86,-0.6,0.0,0,319,0.0,0.0
000A6,2023-01-06 08:00:00,2.2,1022.9,82,-0.5,1.6,0,206,0.0,0.0
000A6,2023-01-06 08:30:00,2.8,1022.8,78,-0.7,1.6,0,5,0.0,0.0
000A6,2023-01-06 09:00:00,4.3,1023.0,75,0.2,0.0,0,5,0.0,0.0
000A6,2023-01-06 09:30:00,5.7,1023.0,70,0.7,0.0,0,24,0.0,0.0
000A6,2023-01-06 10:00:00,6.7,1023.2,76,2.7,0.0,0,24,0.0,0.0
000A6,2023-01-06 10:30:00,6.3,1022.9,78,2.7,0.0,0,34,0.0,0.0
000A6,2023-01-06 11:00:00,7.0,1022.6,73,2.5,0.0,0,43,0.0,0.0
000A6,2023-01-06 11:30:00,6.9,1022.3,75,2.8,0.0,0,83,0.0,0.0
000A6,2023-01-06 12:00:00,6.3,1022.1,83,3.7,0.0,0,137,0.0,0.0
000A6,2023-01-06 12:30:00,5.8,1021.8,85,3.5,0.0,0,137,0.0,0.0
000A6,2023-01-06 13:00:00,4.8,1021.5,87,2.8,0.0,0,137,0.0,0.0
000A6,2023-01-06 13:30:00,5.2,1021.4,87,3.2,0.0,0,137,0.0,0.0
000A6,2023-01-06 14:00:00,5.3,1021.2,87,3.3,0.0,0,137,0.0,0.0
000A6,2023-01-06 14:30:00,4.3,1021.3,88,2.5,0.0,0,137,0.0,0.0
000A6,2023-01-06 15:00:00,3.9,1021.5,89,2.3,0.0,0,137,0.0,0.0
000A6,2023-01-06 15:30:00,3.4,1021.4,90,2.0,0.0,0,137,0.0,0.0
000A6,2023-01-06 16:00:00,4.3,1021.3,81,1.3,0.0,0,92,0.0,0.0
000A6,2023-01-06 16:30:00,4.4,1021.4,76,0.6,1.6,0,58,0.0,0.0
000A6,2023-01-06 17:00:00,3.8,1021.5,75,-0.2,0.0,0,57,0.0,0.0
000A6,2023-01-06 17:30:00,3.3,1021.6,79,0.0,0.0,0,57,0.0,0.0
000A6,2023-01-06 18:00:00,2.6,1021.8,78,-0.8,0.0,0,57,0.0,0.0
000A6,2023-01-06 18:30:00,2.7,1021.8,79,-0.6,0.0,0,53,0.0,0.0
000A6,2023-01-06 19:00:00,2.6,1021.9,78,-0.8,0.0,0,53,0.0,0.0
000A6,2023-01-06 19:30:00,1.9,1021.9,82,-0.9,0.0,0,54,0.0,0.0
000A6,2023-01-06 20:00:00,1.4,1021.8,85,-0.9,0.0,0,53,0.0,0.0
000A6,2023-01-06 20:30:00,1.7,1021.5,84,-0.7,0.0,0,53,0.0,0.0
000A6,2023-01-06 21:00:00,2.2,1021.4,79,-1.0,0.0,0,53,0.0,0.0
000A6,2023-01-06 21:30:00,2.2,1021.2,78,-1.2,1.6,0,53,0.0,0.0
000A6,2023-01-06 22:00:00,2.7,1021.2,74,-1.5,0.0,0,317,0.0,0.0
000A6,2023-01-06 22:30:00,3.8,1021.2,70,-1.2,1.6,0,225,0.0,0.0
000A6,2023-01-06 23:00:00,4.1,1020.9,65,-1.9,3.2,0,231,0.0,0.0
000A6,2023-01-06 23:30:00,3.6,1020.7,67,-2.0,0.0,0,109,0.0,0.0
000A6,2023-01-07 00:00:00,3.5,1020.5,68,-1.9,0.0,0,11,0.0,0.0
000A6,2023-01-07 00:30:00,3.1,1020.2,69,-2.0,1.6,0,350,0.0,0.0
000A6,2023-01-07 01:00:00,2.9,1019.8,69,-2.2,0.0,0,346,0.0,0.0
000A6,2023-01-07 01:30:00,3.2,1019.6,68,-2.1,0.0,0,346,0.0,0.0
000A6,2023-01-07 02:00:00,3.3,1019.4,67,-2.2,1.6,0,346,0.0,0.0
000A6,2023-01-07 02:30:00,3.3,1019.1,66,-2.4,0.0,0,346,0.0,0.0
000A6,2023-01-07 03:00:00,3.2,1018.6,66,-2.5,0.0,0,346,0.0,0.0
000A6,2023-01-07 03:30:00,2.8,1018.1,68,-2.5,0.0,0,346,0.0,0.0
000A6,2023-01-07 04:00:00,2.4,1017.8,69,-2.7,0.0,0,346,0.0,0.0
000A6,2023-01-07 04:30:00,1.6,1017.7,72,-3.0,0.0,0,346,0.0,0.0
000A6,2023-01-07 05:00:00,1.1,1017.6,73,-3.2,0.0,0,346,0.0,0.0
000A6,2023-01-07 05:30:00,1.6,1017.5,72,-3.0,1.6,0,98,0.0,0.0
000A6,2023-01-07 06:00:00,1.3,1017.4,72,-3.2,0.0,0,95,0.0,0.0
000A6,2023-01-07 06:30:00,1.4,1017.3,72,-3.1,0.0,0,92,0.0,0.0
000A6,2023-01-07 07:00:00,1.4,1017.3,71,-3.3,0.0,0,184,0.0,0.0
000A6,2023-01-07 07:30:00,3.4,1017.4,61,-3.4,4.8,0,192,0.0,0.0
000A6,2023-01-07 08:00:00,4.4,1017.3,56,-3.6,8.0,0,199,0.0,0.0
000A6,2023-01-07 08:30:00,5.7,1017.0,52,-3.4,11.3,0,245,0.0,0.0
000A6,2023-01-07 09:00:00,7.1,1017.1,50,-2.7,11.3,0,234,0.0,0.0
000A6,2023-01-07 09:30:00,8.0,1017.1,47,-2.6,9.7,0,226,0.0,0.0
000A6,2023-01-07 10:00:00,8.4,1017.0,48,-2.0,11.3,0,227,0.0,0.0
000A6,2023-01-07 10:30:00,8.7,1016.8,47,-2.0,9.7,0,217,0.0,0.0
000A6,2023-01-07 11:00:00,9.5,1016.2,47,-1.3,8.0,0,215,0.0,0.0
000A6,2023-01-07 11:30:00,10.4,1015.8,45,-1.0,4.8,0,205,0.0,0.0
000A6,2023-01-07 12:00:00,10.6,1015.1,43,-1.5,8.0,0,221,0.0,0.0
000A6,2023-01-07 12:30:00,10.9,1014.6,42,-1.5,8.0,0,190,0.0,0.0
000A6,2023-01-07 13:00:00,9.1,1014.4,46,-2.0,12.9,0,240,0.0,0.0
000A6,2023-01-07 13:30:00,9.4,1014.3,45,-2.0,11.3,0,266,0.0,0.0
000A6,2023-01-07 14:00:00,9.2,1014.0,45,-2.1,4.8,0,236,0.0,0.0
000A6,2023-01-07 14:30:00,8.5,1013.9,47,-2.2,6.4,0,199,0.0,0.0
000A6,2023-01-07 15:00:00,8.4,1013.9,47,-2.3,6.4,0,259,0.0,0.0
000A6,2023-01-07 15:30:00,7.4,1013.8,50,-2.3,11.3,0,244,0.0,0.0
000A6,2023-01-07 16:00:00,7.2,1013.5,50,-2.5,9.7,0,271,0.0,0.0
000A6,2023-01-07 16:30:00,6.3,1013.4,54,-2.4,8.0,0,269,0.0,0.0
000A6,2023-01-07 17:00:00,6.3,1013.6,54,-2.4,11.3,0,249,0.0,0.0
000A6,2023-01-07 17:30:00,5.8,1013.5,57,-2.0,8.0,0,238,0.0,0.0
000A6,2023-01-07 18:00:00,5.6,1013.6,58,-2.1,8.0,0,258,0.0,0.0
000A6,2023-01-07 18:30:00,5.3,1014.0,59,-2.0,4.8,0,240,0.0,0.0
000A6,2023-01-07 19:00:00,4.7,1013.9,61,-2.2,0.0,0,247,0.0,0.0
000A6,2023-01-07 19:30:00,3.8,1013.4,64,-2.4,0.0,0,256,0.0,0.0
000A6,2023-01-07 20:00:00,3.1,1013.2,67,-2.4,0.0,0,256,0.0,0.0
000A6,2023-01-07 20:30:00,4.5,1013.0,62,-2.2,4.8,0,259,0.0,0.0
000A6,2023-01-07 21:00:00,5.2,1012.8,59,-2.2,3.2,0,271,0.0,0.0
000A6,2023-01-07 21:30:00,5.1,1012.3,58,-2.5,1.6,0,248,0.0,0.0
000A6,2023-01-07 22:00:00,4.4,1011.7,59,-2.9,1.6,0,229,0.0,0.0
000A6,2023-01-07 22:30:00,3.4,1011.6,64,-2.8,0.0,0,88,0.0,0.0
000A6,2023-01-07 23:00:00,5.1,1011.4,58,-2.5,11.3,0,250,0.0,0.0
000A6,2023-01-07 23:30:00,4.7,1011.3,59,-2.7,12.9,0,260,0.0,0.0
000A6,2023-01-08 00:00:00,4.5,1010.5,60,-2.6,11.3,0,252,0.0,0.0
000A6,2023-01-08 00:30:00,4.4,1010.3,60,-2.7,4.8,0,205,0.0,0.0
000A6,2023-01-08 01:00:00,4.2,1010.9,61,-2.7,14.5,0,213,0.0,0.0
000A6,2023-01-08 01:30:00,3.4,1009.9,64,-2.8,1.6,0,44,0.0,0.0
000A6,2023-01-08 02:00:00,2.8,1008.8,65,-3.1,0.0,0,323,0.0,0.0
000A6,2023-01-08 02:30:00,3.9,1008.9,62,-2.7,11.3,0,234,0.0,0.0
000A6,2023-01-08 03:00:00,4.9,1008.7,58,-2.6,16.1,0,273,0.0,0.0
000A6,2023-01-08 03:30:00,4.7,1009.1,59,-2.7,16.1,0,240,0.0,0.0
000A6,2023-01-08 04:00:00,3.9,1009.6,64,-2.3,12.9,0,243,0.0,0.0
000A6,2023-01-08 04:30:00,3.7,1009.2,65,-2.3,8.0,0,225,0.0,0.0
000A6,2023-01-08 05:00:00,3.9,1009.4,65,-2.0,11.3,0,227,0.0,0.0
000A6,2023-01-08 05:30:00,3.4,1008.2,72,-1.1,3.2,0,258,0.0,0.0
000A6,2023-01-08 06:00:00,3.3,1007.6,69,-1.9,4.8,0,240,0.0,0.0
000A6,2023-01-08 06:30:00,3.6,1008.0,68,-1.7,8.0,0,216,0.0,0.0
000A6,2023-01-08 07:00:00,3.7,1008.5,69,-1.5,9.7,0,227,0.0,0.0
000A6,2023-01-08 07:30:00,2.4,1009.1,81,-0.5,9.7,0,251,0.0,0.0
000A6,2023-01-08 08:00:00,1.4,1009.4,89,-0.2,6.4,0,248,0.0,0.0
000A6,2023-01-08 08:30:00,0.9,1009.0,92,-0.2,3.2,0,235,0.0,0.0
000A6,2023-01-08 09:00:00,0.9,1008.6,93,-0.1,0.0,0,40,0.0,0.0
000A6,2023-01-08 09:30:00,2.1,1008.4,95,1.4,1.6,0,266,0.0,0.0
000A6,2023-01-08 10:00:00,2.2,1008.2,94,1.4,0.0,0,239,0.0,0.8
000A6,2023-01-08 10:30:00,2.4,1007.8,95,1.7,0.0,0,311,0.0,0.0
000A6,2023-01-08 11:00:00,2.3,1007.1,95,1.6,0.0,0,311,0.0,1.0
000A6,2023-01-08 11:30:00,2.8,1006.7,95,2.1,0.0,0,311,0.0,0.0
000A6,2023-01-08 12:30:00,2.4,1006.0,96,1.9,0.0,0,15,0.0,0.0
000A6,2023-01-08 13:00:00,2.7,1005.6,95,1.9,4.8,0,217,0.0,0.2
000A6,2023-01-08 13:30:00,2.9,1004.7,95,2.2,0.0,0,62,0.0,0.0
000A6,2023-01-08 14:00:00,2.9,1004.4,95,2.2,0.0,0,60,0.0,0.3
000A6,2023-01-08 14:30:00,2.9,1004.4,95,2.2,3.2,0,198,0.0,0.0
000A6,2023-01-08 15:00:00,2.7,1004.2,95,2.0,0.0,0,34,0.5,0.0
000A6,2023-01-08 15:30:00,2.9,1003.5,95,2.2,0.0,0,34,0.0,0.0
000A6,2023-01-08 16:00:00,2.6,1003.6,95,1.8,0.0,0,205,0.0,0.0
000A6,2023-01-08 16:30:00,2.6,1003.2,96,2.0,0.0,0,205,0.0,0.0
000A6,2023-01-08 17:00:00,2.6,1002.8,96,2.0,0.0,0,205,0.0,0.2
000A6,2023-01-08 17:30:00,2.6,1002.6,96,2.0,0.0,0,205,0.0,0.0
000A6,2023-01-08 18:00:00,2.5,1002.5,96,1.9,1.6,0,206,0.5,0.3
000A6,2023-01-08 18:30:00,2.4,1002.0,96,1.8,0.0,0,206,0.0,0.0
000A6,2023-01-08 19:00:00,2.4,1001.7,96,1.8,0.0,0,206,0.0,0.5
000A6,2023-01-08 19:30:00,2.3,1001.7,97,1.9,0.0,0,225,0.0,0.0
000A6,2023-01-08 20:00:00,2.3,1001.7,96,1.7,6.4,0,244,0.0,0.5
000A6,2023-01-08 20:30:00,2.6,1002.0,96,2.0,3.2,0,229,0.0,0.0
000A6,2023-01-08 21:30:00,1.8,1002.1,96,1.2,3.2,0,240,0.0,0.0
000A6,2023-01-08 22:00:00,1.8,1001.9,96,1.2,1.6,0,217,0.0,1.0
000A6,2023-01-08 22:30:00,1.7,1001.8,96,1.2,0.0,0,222,0.0,0.0
000A6,2023-01-08 23:30:00,2.4,1002.0,96,1.8,0.0,0,225,0.0,0.0
000A6,2023-01-09 00:00:00,2.6,1001.7,97,2.2,0.0,0,189,0.0,0.0
000A6,2023-01-09 00:30:00,2.6,1001.2,97,2.1,0.0,0,189,0.0,0.0
000A6,2023-01-09 01:30:00,2.1,1001.2,97,1.7,6.4,0,232,0.0,0.0
000A6,2023-01-09 02:30:00,0.3,1003.7,96,-0.2,3.2,0,295,0.0,0.0
000A6,2023-01-09 03:30:00,0.1,1005.9,96,-0.5,1.6,0,344,0.0,0.0
000A6,2023-01-09 04:30:00,-0.2,1006.5,89,-1.8,6.4,0,234,0.0,0.0
000A6,2023-01-09 05:00:00,-0.6,1006.7,89,-2.2,4.8,0,244,0.0,0.7
000A6,2023-01-09 05:30:00,-0.7,1007.2,91,-2.0,3.2,0,218,0.0,0.0
000A6,2023-01-09 06:30:00,-1.4,1007.4,91,-2.7,1.6,0,251,0.0,0.0
000A6,2023-01-09 07:00:00,-1.5,1007.5,91,-2.8,0.0,0,251,0.0,0.0
000A6,2023-01-09 07:30:00,-1.8,1007.5,93,-2.8,0.0,0,251,0.0,0.0
000A6,2023-01-09 08:00:00,-1.4,1007.7,91,-2.7,1.6,0,252,0.0,0.0
000A6,2023-01-09 08:30:00,-1.4,1007.9,90,-2.9,3.2,0,246,0.0,0.0
000A6,2023-01-09 09:00:00,-1.2,1007.8,90,-2.7,0.0,0,220,0.0,0.0
000A6,2023-01-09 10:00:00,0.3,1007.7,90,-1.1,0.0,0,222,0.0,0.0
000A6,2023-01-09 10:30:00,-0.7,1008.1,90,-2.2,6.4,0,234,0.0,0.0
000A6,2023-01-09 11:00:00,-1.0,1007.8,91,-2.3,6.4,0,188,0.0,0.3
000A6,2023-01-09 11:30:00,-1.2,1008.0,94,-2.1,4.8,0,173,0.0,0.0
000A6,2023-01-09 12:00:00,-1.1,1007.6,94,-2.0,6.4,0,184,0.5,0.2
000A6,2023-01-09 12:30:00,-1.2,1007.3,95,-1.9,3.2,0,152,0.0,0.0
000A6,2023-01-09 13:00:00,-1.0,1007.1,96,-1.6,0.0,0,144,0.0,0.3
000A6,2023-01-09 13:30:00,-1.2,1007.4,96,-1.8,8.0,0,189,0.0,0.0
000A6,2023-01-09 14:00:00,-1.4,1007.2,96,-1.9,9.7,0,159,0.0,0.0
000A6,2023-01-09 14:30:00,-1.7,1008.2,96,-2.2,4.8,0,245,0.0,0.0
000A6,2023-01-09 15:00:00,-2.6,1009.5,96,-3.1,4.8,0,47,0.5,0.2
000A6,2023-01-09 15:30:00,-2.2,1010.0,96,-2.8,1.6,0,52,0.0,0.0
000A6,2023-01-09 16:00:00,-2.4,1010.2,96,-2.9,3.2,0,159,0.0,1.0
000A6,2023-01-09 16:30:00,-2.4,1010.7,96,-2.9,0.0,0,168,0.0,0.0
000A6,2023-01-09 17:30:00,-2.3,1011.3,96,-2.8,0.0,0,103,0.0,0.0
000A6,2023-01-09 18:30:00,-2.1,1012.4,96,-2.6,6.4,0,341,0.0,0.0
000A6,2023-01-09 19:00:00,-1.8,1013.3,96,-2.4,4.8,0,155,0.0,1.0
000A6,2023-01-09 19:30:00,-1.8,1013.5,96,-2.4,0.0,0,344,0.0,0.0
000A6,2023-01-09 20:30:00,-2.0,1014.1,96,-2.6,0.0,0,184,0.0,0.0
000A6,2023-01-09 21:30:00,-1.8,1014.5,96,-2.4,4.8,0,191,0.0,0.0
000A6,2023-01-09 22:30:00,-1.8,1015.4,96,-2.3,3.2,0,75,0.0,0.0
000A6,2023-01-09 23:30:00,-2.1,1016.1,96,-2.7,0.0,0,184,0.0,0.0
000A6,2023-01-10 00:00:00,-2.2,1016.5,96,-2.7,4.8,0,186,0.0,0.0
000A6,2023-01-10 00:30:00,-2.2,1017.5,96,-2.7,4.8,0,323,0.0,0.0
000A6,2023-01-10 01:30:00,-2.4,1018.9,96,-3.0,3.2,0,190,0.0,0.0
000A6,2023-01-10 02:00:00,-2.5,1019.6,96,-3.1,0.0,0,170,0.0,0.7
000A6,2023-01-10 02:30:00,-2.5,1019.9,96,-3.1,1.6,0,143,0.0,0.0
000A6,2023-01-10 03:30:00,-2.6,1021.1,96,-3.2,3.2,0,33,0.0,0.0
000A6,2023-01-10 04:30:00,-2.7,1022.1,96,-3.2,0.0,0,115,0.0,0.0
000A6,2023-01-10 05:30:00,-2.7,1022.7,96,-3.2,0.0,0,104,0.0,0.0
000A6,2023-01-10 06:30:00,-2.7,1023.8,96,-3.3,0.0,0,211,0.0,0.0
000A6,2023-01-10 07:30:00,-2.6,1025.1,96,-3.1,0.0,0,101,0.0,0.0
000A6,2023-01-10 08:30:00,-2.1,1025.6,96,-2.6,0.0,0,101,0.0,0.0
000A6,2023-01-10 09:30:00,-1.4,1025.9,95,-2.1,0.0,0,68,0.0,0.0
000A6,2023-01-10 10:00:00,-0.4,1026.2,95,-1.1,0.0,0,66,0.0,1.0
000A6,2023-01-10 10:30:00,-0.1,1026.4,94,-1.0,0.0,0,66,0.0,0.0
000A6,2023-01-10 11:00:00,-0.2,1026.2,94,-1.1,0.0,0,67,0.0,0.5
000A6,2023-01-10 11:30:00,0.0,1026.2,94,-0.9,0.0,0,67,0.0,0.0
000A6,2023-01-10 12:30:00,-0.1,1025.3,93,-1.1,0.0,0,68,0.0,0.0
000A6,2023-01-10 13:00:00,0.1,1024.7,93,-0.9,0.0,0,68,0.0,0.0
000A6,2023-01-10 13:30:00,0.0,1024.5,91,-1.3,0.0,0,67,0.0,0.0
000A6,2023-01-10 14:00:00,-0.1,1024.2,90,-1.6,0.0,0,67,0.0,0.0
000A6,2023-01-10 14:30:00,-0.4,1024.2,90,-1.8,0.0,0,68,0.0,0.0
000A6,2023-01-10 15:00:00,-0.5,1024.6,91,-1.8,0.0,0,65,0.0,0.0
000A6,2023-01-10 15:30:00,-1.8,1024.6,92,-2.9,1.6,0,328,0.0,0.0
000A6,2023-01-10 16:00:00,-1.9,1024.4,92,-3.0,3.2,0,345,0.0,0.0
000A6,2023-01-10 16:30:00,-1.4,1024.7,88,-3.1,0.0,0,288,0.0,0.0
000A6,2023-01-10 17:00:00,-1.9,1024.7,90,-3.4,1.6,0,325,0.0,0.0
000A6,2023-01-10 17:30:00,-0.8,1024.9,92,-2.0,3.2,0,290,0.0,0.0
000A6,2023-01-10 18:00:00,0.3,1024.9,90,-1.1,3.2,0,299,0.0,0.0
000A6,2023-01-10 18:30:00,0.7,1025.1,89,-0.9,3.2,0,296,0.0,0.0
000A6,2023-01-10 19:00:00,0.6,1025.1,92,-0.6,1.6,0,309,0.0,0.0
000A6,2023-01-10 19:30:00,0.6,1024.9,94,-0.3,0.0,0,319,0.0,0.0
000A6,2023-01-10 20:00:00,0.8,1024.6,95,0.1,0.0,0,338,0.0,0.0
000A6,2023-01-10 20:30:00,1.3,1024.5,95,0.6,0.0,0,338,0.0,0.0
000A6,2023-01-10 21:00:00,1.2,1024.4,94,0.4,0.0,0,338,0.0,0.0
000A6,2023-01-10 21:30:00,1.4,1024.0,94,0.5,3.2,0,307,0.0,0.0
000A6,2023-01-10 22:00:00,1.4,1023.9,94,0.5,0.0,0,302,0.0,0.0
000A6,2023-01-10 22:30:00,1.3,1023.7,95,0.6,0.0,0,302,0.0,0.0
000A6,2023-01-10 23:00:00,1.0,1023.4,96,0.4,0.0,0,302,0.0,0.0
000A6,2023-01-10 23:30:00,0.9,1023.6,96,0.4,1.6,0,302,0.0,0.0
000A6,2023-01-11 00:00:00,0.7,1023.4,96,0.1,0.0,0,303,0.0,0.0
000A6,2023-01-11 00:30:00,0.9,1023.3,96,0.3,0.0,0,303,0.0,0.0
000A6,2023-01-11 01:00:00,0.8,1023.1,96,0.2,0.0,0,303,0.0,0.0
000A6,2023-01-11 01:30:00,1.1,1022.8,96,0.5,0.0,0,303,0.0,0.0
000A6,2023-01-11 02:00:00,1.4,1022.6,96,0.8,4.8,0,296,0.0,0.0
000A6,2023-01-11 02:30:00,1.2,1022.2,96,0.6,0.0,0,294,0.0,0.0
000A6,2023-01-11 03:00:00,0.9,1022.1,96,0.3,0.0,0,293,0.0,0.0
000A6,2023-01-11 03:30:00,0.8,1021.9,96,0.2,0.0,0,294,0.0,0.0
000A6,2023-01-11 04:00:00,0.7,1021.8,96,0.1,0.0,0,293,0.0,0.0
000A6,2023-01-11 04:30:00,0.8,1021.6,96,0.3,0.0,0,293,0.0,0.0
000A6,2023-01-11 05:00:00,0.9,1021.7,96,0.3,1.6,0,295,0.0,0.0
000A6,2023-01-11 05:30:00,0.9,1021.6,96,0.3,0.0,0,306,0.0,0.0
000A6,2023-01-11 06:00:00,1.6,1021.3,96,1.0,3.2,0,306,0.0,0.0
000A6,2023-01-11 06:30:00,1.8,1021.0,96,1.3,4.8,0,307,0.0,0.0
000A6,2023-01-11 07:00:00,2.2,1020.9,96,1.7,1.6,0,314,0.0,0.0
000A6,2023-01-11 07:30:00,1.8,1020.6,96,1.2,0.0,0,313,0.0,0.0
000A6,2023-01-11 08:00:00,1.9,1021.0,96,1.4,0.0,0,313,0.0,0.0
000A6,2023-01-11 08:30:00,1.9,1021.0,96,1.3,0.0,0,313,0.0,0.0
000A6,2023-01-11 09:00:00,2.3,1021.0,96,1.7,0.0,0,313,0.0,0.0
000A6,2023-01-11 09:30:00,2.6,1021.6,95,1.9,0.0,0,313,0.0,0.0
000A6,2023-01-11 10:00:00,3.0,1021.4,96,2.4,1.6,0,313,0.0,0.0
000A6,2023-01-11 10:30:00,3.4,1020.9,96,2.9,1.6,0,299,0.0,0.0
000A6,2023-01-11 11:00:00,3.8,1020.5,93,2.8,4.8,0,292,0.0,0.0
000A6,2023-01-11 11:30:00,3.9,1020.2,92,2.8,0.0,0,286,0.0,0.0
000A6,2023-01-11 12:00:00,3.9,1019.9,92,2.8,1.6,0,225,0.0,0.0
000A6,2023-01-11 12:30:00,3.7,1019.7,91,2.4,1.6,0,225,0.0,0.0
000A6,2023-01-11 13:00:00,3.6,1019.9,91,2.2,0.0,0,186,0.0,0.0
000A6,2023-01-11 13:30:00,2.9,1020.1,94,2.0,0.0,0,186,0.0,0.0
000A6,2023-01-11 14:00:00,3.1,1020.3,95,2.3,0.0,0,204,0.0,0.5
000A6,2023-01-11 14:30:00,2.8,1020.7,95,2.1,3.2,0,205,0.0,0.0
000A6,2023-01-11 15:30:00,2.1,1021.5,96,1.5,0.0,0,183,0.0,0.0
000A6,2023-01-11 16:00:00,2.1,1022.2,96,1.5,1.6,0,184,0.0,1.0
000A6,2023-01-11 16:30:00,1.9,1022.3,96,1.3,1.6,0,191,0.0,0.0
000A6,2023-01-11 17:30:00,1.8,1022.7,94,0.9,4.8,0,292,0.0,0.0
000A6,2023-01-11 18:30:00,1.1,1023.1,95,0.4,1.6,0,298,0.0,0.0
000A6,2023-01-11 19:00:00,1.3,1023.4,95,0.6,0.0,0,326,0.0,0.7
000A6,2023-01-11 19:30:00,1.1,1023.8,95,0.4,0.0,0,326,0.0,0.0
000A6,2023-01-11 20:00:00,0.9,1023.8,96,0.3,0.0,0,234,0.0,0.8
000A6,2023-01-11 20:30:00,1.2,1023.7,95,0.5,0.0,0,331,0.0,0.0
000A6,2023-01-11 21:30:00,0.8,1023.9,96,0.2,0.0,0,331,0.0,0.0
000A6,2023-01-11 22:00:00,0.6,1024.7,96,0.0,1.6,0,243,0.0,0.2
000A6,2023-01-11 22:30:00,0.9,1024.7,95,0.2,0.0,0,126,0.0,0.0
000A6,2023-01-11 23:00:00,0.6,1024.5,96,0.0,1.6,0,320,0.0,0.5
000A6,2023-01-11 23:30:00,0.3,1025.0,95,-0.4,0.0,0,308,0.0,0.0
000A6,2023-01-12 00:00:00,0.2,1024.9,96,-0.4,0.0,0,308,0.0,0.0
000A6,2023-01-12 00:30:00,0.2,1024.9,96,-0.4,0.0,0,308,0.0,0.0
000A6,2023-01-12 01:00:00,-0.1,1024.6,96,-0.7,0.0,0,308,0.0,0.0
000A6,2023-01-12 01:30:00,-0.3,1024.8,96,-0.8,0.0,0,308,0.0,0.0
000A6,2023-01-12 02:00:00,-0.8,1024.8,96,-1.3,0.0,0,307,0.0,0.0
000A6,2023-01-12 02:30:00,-1.0,1024.4,94,-1.8,3.2,0,298,0.0,0.0
000A6,2023-01-12 03:00:00,-1.0,1024.3,90,-2.4,3.2,0,290,0.0,0.0
000A6,2023-01-12 03:30:00,-1.4,1023.8,92,-2.6,1.6,0,321,0.0,0.0
000A6,2023-01-12 04:00:00,-1.3,1023.7,90,-2.8,3.2,0,286,0.0,0.0
000A6,2023-01-12 04:30:00,-1.3,1024.0,90,-2.7,0.0,0,284,0.0,0.0
000A6,2023-01-12 05:00:00,-1.2,1023.7,92,-2.3,0.0,0,245,0.0,0.0
000A6,2023-01-12 05:30:00,-1.4,1024.1,94,-2.2,0.0,0,260,0.0,0.0
000A6,2023-01-12 06:00:00,-1.7,1024.5,95,-2.4,0.0,0,260,0.0,0.0
000A6,2023-01-12 06:30:00,-1.6,1024.7,95,-2.3,0.0,0,260,0.0,0.0
000A6,2023-01-12 07:00:00,-1.8,1025.0,95,-2.5,0.0,0,260,0.0,0.0
000A6,2023-01-12 07:30:00,-1.6,1025.0,96,-2.2,1.6,0,329,0.0,0.0
000A6,2023-01-12 08:00:00,-1.3,1024.8,95,-2.0,0.0,0,333,0.0,0.0
000A6,2023-01-12 08:30:00,-1.3,1024.8,93,-2.3,0.0,0,333,0.0,0.0
000A6,2023-01-12 09:00:00,-0.6,1025.3,92,-1.7,0.0,0,333,0.0,0.0
000A6,2023-01-12 09:30:00,0.2,1025.4,90,-1.2,0.0,0,333,0.0,0.0
000A6,2023-01-12 10:00:00,1.0,1025.2,88,-0.8,0.0,0,333,0.0,0.0
000A6,2023-01-12 10:30:00,1.4,1025.0,86,-0.6,0.0,0,333,0.0,0.0
000A6,2023-01-12 11:00:00,2.1,1024.6,83,-0.5,0.0,0,333,0.0,0.0
000A6,2023-01-12 11:30:00,2.3,1024.3,85,0.0,0.0,0,333,0.0,0.0
000A6,2023-01-12 12:00:00,2.1,1024.1,80,-1.0,0.0,0,238,0.5,0.5
000A6,2023-01-12 12:30:00,1.6,1023.9,86,-0.5,3.2,0,233,0.0,0.0
000A6,2023-01-12 13:00:00,1.1,1023.7,87,-0.8,0.0,0,223,0.0,0.0
000A6,2023-01-12 13:30:00,1.6,1023.5,86,-0.5,1.6,0,223,0.0,0.0
000A6,2023-01-12 14:00:00,1.6,1023.1,83,-1.0,1.6,0,30,0.0,0.0
000A6,2023-01-12 14:30:00,1.9,1022.9,80,-1.1,0.0,0,346,0.0,0.0
000A6,2023-01-12 15:00:00,2.1,1022.8,82,-0.7,1.6,0,236,0.0,0.0
000A6,2023-01-12 15:30:00,2.6,1022.6,76,-1.3,1.6,0,254,0.0,0.0
000A6,2023-01-12 16:00:00,2.9,1022.8,75,-1.1,1.6,0,299,0.0,0.0
000A6,2023-01-12 16:30:00,3.2,1022.6,76,-0.6,0.0,0,265,0.0,0.0
000A6,2023-01-12 17:00:00,4.7,1022.2,66,-1.1,6.4,0,279,0.0,0.0
000A6,2023-01-12 17:30:00,4.9,1022.3,65,-1.1,3.2,0,233,0.0,0.0
000A6,2023-01-12 18:00:00,4.8,1021.5,65,-1.3,6.4,0,268,0.3,0.3
000A6,2023-01-12 18:30:00,4.4,1021.1,68,-1.0,3.2,0,284,0.0,0.0
000A6,2023-01-12 19:00:00,4.6,1020.9,67,-1.0,0.0,0,281,0.0,0.0
000A6,2023-01-12 19:30:00,4.2,1020.2,70,-0.8,1.6,0,315,0.0,0.0
000A6,2023-01-12 20:00:00,3.6,1019.7,72,-1.0,0.0,0,211,0.0,0.0
000A6,2023-01-12 20:30:00,4.1,1019.9,67,-1.5,3.2,0,180,0.0,0.0
000A6,2023-01-12 21:00:00,2.7,1020.2,73,-1.6,3.2,0,250,0.0,0.0
000A6,2023-01-12 21:30:00,2.3,1020.1,76,-1.5,1.6,0,263,0.0,0.0
000A6,2023-01-12 22:00:00,1.9,1019.7,78,-1.5,0.0,0,284,0.0,0.0
000A6,2023-01-12 22:30:00,3.0,1019.8,69,-2.1,0.0,0,11,0.0,0.0
000A6,2023-01-12 23:00:00,1.5,1020.0,76,-2.3,0.0,0,9,0.0,0.0
000A6,2023-01-12 23:30:00,0.8,1019.5,78,-2.6,0.0,0,5,0.0,0.0
000A6,2023-01-13 00:00:00,3.6,1019.3,63,-2.8,6.4,0,207,0.0,0.0
000A6,2023-01-13 00:30:00,3.4,1018.9,65,-2.6,1.6,0,198,0.0,0.0
000A6,2023-01-13 01:00:00,1.4,1018.9,77,-2.2,0.0,0,194,0.0,0.0
000A6,2023-01-13 01:30:00,1.1,1018.7,78,-2.4,0.0,0,198,0.0,0.0
000A6,2023-01-13 02:00:00,2.3,1018.7,72,-2.3,0.0,0,33,0.0,0.0
000A6,2023-01-13 02:30:00,3.4,1018.4,64,-2.8,3.2,0,219,0.0,0.0
000A6,2023-01-13 03:00:00,2.8,1018.4,70,-2.2,0.0,0,78,0.0,0.0
000A6,2023-01-13 03:30:00,2.2,1018.3,73,-2.2,0.0,0,344,0.0,0.0
000A6,2023-01-13 04:00:00,3.8,1018.4,63,-2.6,4.8,0,244,0.0,0.0
000A6,2023-01-13 04:30:00,3.6,1018.5,68,-1.7,9.7,0,272,0.0,0.0
000A6,2023-01-13 05:00:00,3.1,1018.3,72,-1.5,4.8,0,255,0.0,0.0
000A6,2023-01-13 05:30:00,2.9,1018.4,74,-1.2,6.4,0,207,0.0,0.0
000A6,2023-01-13 06:00:00,2.4,1018.9,77,-1.2,6.4,0,236,0.0,0.0
000A6,2023-01-13 06:30:00,2.2,1018.6,80,-0.9,3.2,0,267,0.0,0.0
000A6,2023-01-13 07:00:00,2.6,1018.3,77,-1.1,3.2,0,268,0.0,0.0
000A6,2023-01-13 07:30:00,3.0,1018.4,77,-0.6,4.8,0,259,0.0,0.0
000A6,2023-01-13 08:00:00,2.3,1018.7,86,0.2,3.2,0,239,0.0,0.0
000A6,2023-01-13 08:30:00,1.4,1019.2,90,-0.1,0.0,0,230,0.0,0.0
000A6,2023-01-13 09:00:00,1.2,1019.4,93,0.2,0.0,0,265,0.0,0.0
000A6,2023-01-13 09:30:00,1.9,1019.4,94,1.0,0.0,0,267,0.0,0.0
000A6,2023-01-13 10:00:00,3.1,1019.6,93,2.1,1.6,0,193,0.0,0.0
000A6,2023-01-13 10:30:00,3.7,1019.4,90,2.2,4.8,0,239,0.0,0.0
000A6,2023-01-13 11:00:00,3.9,1019.2,85,1.6,3.2,0,174,0.0,0.3
000A6,2023-01-13 11:30:00,3.9,1019.0,85,1.7,3.2,0,257,0.0,0.0
000A6,2023-01-13 12:00:00,4.4,1019.1,84,1.9,9.7,0,215,0.3,0.0
000A6,2023-01-13 12:30:00,4.8,1019.4,78,1.3,11.3,0,162,0.0,0.0
000A6,2023-01-13 13:00:00,3.7,1019.5,81,0.8,11.3,0,251,0.0,0.0
000A6,2023-01-13 13:30:00,3.2,1019.4,86,1.1,8.0,0,252,0.0,0.0
000A6,2023-01-13 14:00:00,3.0,1019.1,87,1.0,1.6,0,264,0.0,0.0
000A6,2023-01-13 14:30:00,2.5,1019.3,90,1.0,1.6,0,178,0.0,0.0
000A6,2023-01-13 15:00:00,2.4,1019.9,91,1.1,1.6,0,227,0.2,0.2
000A6,2023-01-13 15:30:00,1.8,1020.3,91,0.5,4.8,0,215,0.0,0.0
000A6,2023-01-13 16:00:00,1.8,1020.6,91,0.5,0.0,0,217,0.0,0.3
000A6,2023-01-13 16:30:00,1.9,1020.8,88,0.1,1.6,0,201,0.0,0.0
000A6,2023-01-13 17:00:00,2.3,1021.1,84,-0.1,8.0,0,238,0.0,0.0
000A6,2023-01-13 17:30:00,2.3,1021.7,83,-0.3,8.0,0,261,0.0,0.0
000A6,2023-01-13 18:00:00,2.2,1022.0,83,-0.4,9.7,0,254,0.3,0.0
000A6,2023-01-13 18:30:00,1.8,1022.2,86,-0.3,9.7,0,305,0.0,0.0
000A6,2023-01-13 19:00:00,1.6,1022.6,88,-0.2,3.2,0,213,0.0,0.2
000A6,2023-01-13 19:30:00,1.4,1022.8,88,-0.4,1.6,0,154,0.0,0.0
000A6,2023-01-13 20:00:00,1.4,1023.1,79,-1.9,1.6,0,225,0.0,0.3
000A6,2023-01-13 20:30:00,1.4,1023.5,82,-1.3,4.8,0,291,0.0,0.0
000A6,2023-01-13 21:00:00,1.4,1023.8,84,-1.0,4.8,0,252,0.5,0.0
000A6,2023-01-13 21:30:00,1.4,1024.0,84,-1.0,3.2,0,224,0.0,0.0
000A6,2023-01-13 22:00:00,1.4,1023.7,83,-1.2,1.6,0,252,0.0,0.0
000A6,2023-01-13 22:30:00,1.2,1024.2,85,-1.1,0.0,0,230,0.0,0.0
000A6,2023-01-13 23:00:00,1.2,1024.0,83,-1.4,4.8,0,274,0.0,0.0
000A6,2023-01-13 23:30:00,1.0,1023.9,83,-1.6,3.2,0,264,0.0,0.0
000A6,2023-01-14 00:00:00,0.9,1023.8,81,-2.0,1.6,0,263,0.0,0.0
000A6,2023-01-14 00:30:00,0.1,1023.8,84,-2.3,0.0,0,306,0.0,0.0
000A6,2023-01-14 01:00:00,-0.3,1023.3,84,-2.7,0.0,0,286,0.0,0.0
000A6,2023-01-14 01:30:00,-0.6,1023.7,82,-3.3,0.0,0,254,0.0,0.0
000A6,2023-01-14 02:00:00,-0.6,1023.9,82,-3.3,0.0,0,259,0.0,0.0
000A6,2023-01-14 02:30:00,-0.4,1023.9,83,-3.0,0.0,0,265,0.0,0.0
000A6,2023-01-14 03:00:00,-0.7,1023.5,83,-3.2,0.0,0,265,0.0,0.0
000A6,2023-01-14 03:30:00,0.2,1023.0,78,-3.2,0.0,0,331,0.0,0.0
000A6,2023-01-14 04:00:00,0.1,1022.6,78,-3.3,1.6,0,315,0.0,0.0
000A6,2023-01-14 04:30:00,-0.5,1022.4,80,-3.5,0.0,0,317,0.0,0.0
000A6,2023-01-14 05:00:00,0.3,1022.1,73,-3.9,0.0,0,289,0.0,0.0
000A6,2023-01-14 05:30:00,0.9,1022.0,65,-5.0,4.8,0,287,0.0,0.0
000A6,2023-01-14 06:00:00,1.6,1021.2,60,-5.4,4.8,0,294,0.0,0.0
000A6,2023-01-14 06:30:00,0.7,1021.5,67,-4.7,0.0,0,297,0.0,0.0
000A6,2023-01-14 07:00:00,0.6,1021.0,69,-4.5,0.0,0,297,0.0,0.0
000A6,2023-01-14 07:30:00,1.1,1020.7,67,-4.3,1.6,0,313,0.0,0.0
000A6,2023-01-14 08:00:00,1.5,1020.2,66,-4.2,0.0,0,313,0.0,0.0
000A6,2023-01-14 08:30:00,2.3,1020.4,65,-3.6,0.0,0,315,0.0,0.0
000A6,2023-01-14 09:00:00,3.2,1020.4,60,-3.8,0.0,0,312,0.0,0.0
000A6,2023-01-14 09:30:00,4.2,1020.2,56,-3.8,0.0,0,304,0.0,0.0
000A6,2023-01-14 10:00:00,5.6,1020.2,50,-4.0,3.2,0,167,0.0,0.0
000A6,2023-01-14 10:30:00,7.2,1019.5,44,-4.2,4.8,0,239,0.0,0.0
000A6,2023-01-14 11:00:00,7.0,1019.5,43,-4.7,3.2,0,255,0.0,0.0
000A6,2023-01-14 11:30:00,7.1,1018.9,46,-3.8,1.6,0,209,0.0,0.0
000A6,2023-01-14 12:00:00,6.6,1018.3,48,-3.6,0.0,0,221,0.0,0.0
000A6,2023-01-14 12:30:00,7.2,1018.0,48,-3.1,3.2,0,186,0.0,0.0
000A6,2023-01-14 13:00:00,7.4,1017.6,46,-3.4,4.8,0,204,0.0,0.0
000A6,2023-01-14 13:30:00,8.3,1017.4,43,-3.6,6.4,0,213,0.0,0.0
000A6,2023-01-14 14:00:00,8.2,1017.1,42,-4.0,1.6,0,203,0.0,0.0
000A6,2023-01-14 14:30:00,7.9,1016.8,41,-4.5,6.4,0,233,0.0,0.0
000A6,2023-01-14 15:00:00,7.6,1016.4,44,-3.9,0.0,0,213,0.0,0.0
000A6,2023-01-14 15:30:00,7.7,1016.3,47,-2.9,8.0,0,250,0.0,0.0
000A6,2023-01-14 16:00:00,7.3,1015.9,46,-3.6,3.2,0,244,0.0,0.0
000A6,2023-01-14 16:30:00,7.6,1015.9,42,-4.5,9.7,0,241,0.0,0.0
000A6,2023-01-14 17:00:00,7.6,1015.8,44,-3.9,9.7,0,233,0.0,0.0
000A6,2023-01-14 17:30:00,7.3,1016.5,52,-1.9,12.9,0,290,0.0,0.0
000A6,2023-01-14 18:00:00,6.6,1016.4,55,-1.8,12.9,0,238,0.0,0.0
000A6,2023-01-14 18:30:00,5.7,1016.1,63,-0.8,17.7,0,240,0.0,0.0
000A6,2023-01-14 19:00:00,6.0,1015.8,65,-0.1,16.1,0,297,0.0,0.0
000A6,2023-01-14 19:30:00,5.8,1015.3,64,-0.5,6.4,0,192,0.0,0.0
000A6,2023-01-14 20:00:00,6.1,1014.6,62,-0.7,8.0,0,232,0.0,0.0
000A6,2023-01-14 20:30:00,6.6,1014.2,58,-1.1,9.7,0,227,0.0,0.0
000A6,2023-01-14 21:00:00,6.7,1013.8,58,-1.0,11.3,0,252,0.0,0.0
000A6,2023-01-14 21:30:00,6.9,1013.3,56,-1.2,9.7,0,265,0.0,0.0
000A6,2023-01-14 22:00:00,7.1,1013.0,57,-0.9,11.3,0,242,0.0,0.0
000A6,2023-01-14 22:30:00,6.7,1012.9,59,-0.8,8.0,0,225,0.0,0.0
000A6,2023-01-14 23:00:00,6.8,1012.6,60,-0.4,4.8,0,231,0.0,0.0
000A6,2023-01-14 23:30:00,7.1,1012.3,63,0.5,16.1,0,212,0.0,0.0
000A6,2023-01-15 00:00:00,6.9,1012.1,64,0.5,12.9,0,239,0.0,0.0
000A6,2023-01-15 00:30:00,6.3,1012.1,70,1.2,16.1,0,231,0.0,0.0
000A6,2023-01-15 01:00:00,5.7,1011.9,76,1.8,17.7,0,240,0.0,0.0
000A6,2023-01-15 01:30:00,5.4,1011.5,78,1.9,9.7,0,246,0.0,0.0
000A6,2023-01-15 02:00:00,5.6,1011.0,77,1.9,17.7,0,230,0.0,0.3
000A6,2023-01-15 02:30:00,4.9,1010.7,80,1.8,11.3,0,259,0.0,0.0
000A6,2023-01-15 03:00:00,4.9,1010.4,85,2.6,4.8,0,263,0.5,0.2
000A6,2023-01-15 03:30:00,4.8,1010.3,87,2.8,3.2,0,232,0.0,0.0
000A6,2023-01-15 04:00:00,4.4,1010.0,90,2.9,4.8,0,210,0.0,1.0
000A6,2023-01-15 04:30:00,4.2,1009.9,91,2.8,6.4,0,247,0.0,0.0
000A6,2023-01-15 05:30:00,3.7,1008.9,94,2.8,3.2,0,233,0.0,0.0
000A6,2023-01-15 06:30:00,3.9,1008.5,94,3.1,1.6,0,255,0.0,0.0
000A6,2023-01-15 07:00:00,3.6,1008.3,94,2.7,0.0,0,255,0.0,0.3
000A6,2023-01-15 07:30:00,4.3,1007.7,91,3.0,3.2,0,161,0.0,0.0
000A6,2023-01-15 08:00:00,4.4,1007.3,89,2.7,4.8,0,242,0.0,0.0
000A6,2023-01-15 08:30:00,4.5,1006.9,88,2.7,1.6,0,186,0.0,0.0
000A6,2023-01-15 09:00:00,4.8,1006.8,85,2.5,8.0,0,242,0.3,0.0
000A6,2023-01-15 09:30:00,4.6,1007.1,86,2.5,16.1,0,217,0.0,0.0
000A6,2023-01-15 10:00:00,3.0,1007.9,86,0.9,12.9,0,263,0.0,0.2
000A6,2023-01-15 10:30:00,0.8,1008.5,93,-0.2,12.9,0,288,0.0,0.0
000A6,2023-01-15 11:00:00,0.7,1009.6,94,-0.2,1.6,0,173,0.0,0.8
000A6,2023-01-15 11:30:00,0.4,1009.9,95,-0.3,0.0,0,175,0.0,0.0
000A6,2023-01-15 12:00:00,0.2,1010.2,95,-0.5,0.0,0,264,1.0,0.0
000A6,2023-01-15 12:30:00,0.0,1010.5,95,-0.7,0.0,0,264,0.0,0.0
000A6,2023-01-15 13:00:00,-0.5,1010.5,95,-1.2,0.0,0,264,0.0,0.0
000A6,2023-01-15 13:30:00,-0.7,1010.8,95,-1.4,0.0,0,265,0.0,0.0
000A6,2023-01-15 14:00:00,-0.4,1011.0,95,-1.1,0.0,0,265,0.0,0.0
000A6,2023-01-15 14:30:00,-1.4,1011.4,95,-2.1,0.0,0,265,0.0,0.0
000A6,2023-01-15 15:00:00,-1.1,1011.6,96,-1.7,0.0,0,264,0.0,0.0
000A6,2023-01-15 15:30:00,-0.8,1011.7,96,-1.4,0.0,0,264,0.0,0.0
000A6,2023-01-15 16:00:00,-1.5,1011.4,96,-2.1,0.0,0,265,0.0,0.0
000A6,2023-01-15 16:30:00,-2.3,1011.4,95,-3.0,0.0,0,264,0.0,0.0
000A6,2023-01-15 17:00:00,-2.8,1011.5,95,-3.5,0.0,0,264,0.0,1.0
000A6,2023-01-15 17:30:00,-3.2,1011.4,95,-3.9,0.0,0,264,0.0,0.0
000A6,2023-01-15 18:30:00,-3.9,1011.0,94,-4.8,0.0,0,264,0.0,0.0
000A6,2023-01-15 19:30:00,-4.1,1010.4,93,-5.1,0.0,0,264,0.0,0.0
000A6,2023-01-15 20:00:00,-4.4,1010.3,91,-5.7,0.0,0,264,0.0,1.0
000A6,2023-01-15 20:30:00,-4.9,1009.9,92,-6.0,0.0,0,264,0.0,0.0
000A6,2023-01-15 21:30:00,-4.8,1009.1,91,-6.1,0.0,0,264,0.0,0.0
000A6,2023-01-15 22:00:00,-4.3,1008.8,90,-5.7,0.0,0,265,0.0,0.0
000A6,2023-01-15 22:30:00,-3.9,1008.4,89,-5.5,1.6,0,266,0.0,0.0
000A6,2023-01-15 23:00:00,-3.9,1008.0,89,-5.4,1.6,0,266,0.0,0.0
000A6,2023-01-15 23:30:00,-3.8,1007.3,88,-5.5,3.2,0,260,0.0,0.0
000A6,2023-01-16 00:00:00,-4.3,1006.9,88,-6.0,0.0,0,263,0.0,0.0
000A6,2023-01-16 00:30:00,-4.6,1006.1,89,-6.1,0.0,0,263,0.0,0.0
000A6,2023-01-16 01:00:00,-4.6,1005.6,87,-6.4,1.6,0,263,0.0,0.0
000A6,2023-01-16 01:30:00,-4.4,1005.2,87,-6.3,1.6,0,270,0.0,0.0
000A6,2023-01-16 02:00:00,-4.7,1004.7,88,-6.4,0.0,0,278,0.0,0.0
000A6,2023-01-16 02:30:00,-4.5,1003.7,87,-6.3,1.6,0,277,0.0,0.0
000A6,2023-01-16 03:00:00,-4.2,1002.6,86,-6.2,1.6,0,268,0.0,0.0
000A6,2023-01-16 03:30:00,-3.7,1001.7,84,-6.0,4.8,0,262,0.0,0.0
000A6,2023-01-16 04:00:00,-3.7,1000.6,84,-6.0,6.4,0,286,0.0,0.0
000A6,2023-01-16 04:30:00,-2.9,999.7,81,-5.7,8.0,0,261,0.0,0.0
000A6,2023-01-16 05:00:00,-2.8,998.5,81,-5.6,3.2,0,255,0.0,0.0
000A6,2023-01-16 05:30:00,-1.9,997.5,76,-5.6,8.0,0,238,0.0,0.0
000A6,2023-01-16 06:00:00,-1.3,996.8,72,-5.7,9.7,0,264,0.0,0.0
000A6,2023-01-16 06:30:00,-1.1,996.2,69,-6.1,12.9,0,246,0.0,0.0
000A6,2023-01-16 07:00:00,-1.0,995.4,70,-5.8,6.4,0,205,0.0,0.0
000A6,2023-01-16 07:30:00,-0.4,995.2,68,-5.6,6.4,0,225,0.0,0.0
000A6,2023-01-16 08:00:00,-0.7,995.1,70,-5.5,8.0,0,213,0.0,0.0
000A6,2023-01-16 08:30:00,-2.0,995.4,74,-6.0,12.9,0,239,0.0,0.0
000A6,2023-01-16 09:00:00,-2.6,995.4,80,-5.6,3.2,0,234,0.0,0.0
000A6,2023-01-16 09:30:00,-1.4,994.9,86,-3.5,8.0,0,249,0.0,0.0
000A6,2023-01-16 10:00:00,-2.0,994.8,92,-3.1,9.7,0,223,0.0,0.0
000A6,2023-01-16 10:30:00,-2.1,994.6,93,-3.1,4.8,0,215,0.0,0.0
000A6,2023-01-16 11:00:00,-2.3,994.7,95,-3.0,8.0,0,210,0.0,0.8
000A6,2023-01-16 11:30:00,-1.9,994.3,95,-2.6,4.8,0,181,0.0,0.0
000A6,2023-01-16 12:30:00,-1.6,993.0,96,-2.2,1.6,0,215,0.0,0.0
000A6,2023-01-16 13:00:00,-1.9,992.9,95,-2.6,6.4,0,198,0.0,0.5
000A6,2023-01-16 13:30:00,-2.2,992.4,95,-2.9,3.2,0,190,0.0,0.0
000A6,2023-01-16 14:00:00,-2.4,992.3,95,-3.1,6.4,0,194,0.0,0.2
000A6,2023-01-16 14:30:00,-2.4,992.3,96,-3.0,0.0,0,182,0.0,0.0
000A6,2023-01-16 15:30:00,-2.2,993.2,96,-2.7,3.2,0,180,0.0,0.0
000A6,2023-01-16 16:00:00,-2.2,993.4,96,-2.7,0.0,0,184,0.0,1.0
000A6,2023-01-16 16:30:00,-2.3,993.4,96,-2.9,0.0,0,165,0.0,0.0
000A6,2023-01-16 17:00:00,-2.5,992.9,96,-3.1,1.6,0,201,0.0,0.0
000A6,2023-01-16 17:30:00,-2.7,992.7,94,-3.6,3.2,0,202,0.0,0.0
000A6,2023-01-16 18:30:00,-2.9,993.0,95,-3.6,1.6,0,209,0.0,0.0
000A6,2023-01-16 19:00:00,-2.9,993.0,95,-3.6,4.8,0,189,0.0,1.0
000A6,2023-01-16 19:30:00,-2.8,992.4,95,-3.5,0.0,0,207,0.0,0.0
000A6,2023-01-16 20:00:00,-3.0,992.5,96,-3.5,8.0,0,189,0.0,0.5
000A6,2023-01-16 20:30:00,-3.1,992.5,96,-3.7,0.0,0,165,0.0,0.0
000A6,2023-01-16 21:30:00,-3.2,992.2,96,-3.7,3.2,0,167,0.0,0.0
000A6,2023-01-16 22:30:00,-3.2,992.2,96,-3.7,0.0,0,209,0.0,0.0
000A6,2023-01-16 23:30:00,-3.1,992.0,96,-3.6,0.0,0,208,0.0,0.0
000A6,2023-01-17 00:00:00,-3.5,991.5,96,-4.0,0.0,0,221,0.0,0.0
000A6,2023-01-17 00:30:00,-3.5,991.7,96,-4.0,0.0,0,221,0.0,0.0
000A6,2023-01-17 01:30:00,-3.3,990.9,96,-3.8,0.0,0,221,0.0,0.0
000A6,2023-01-17 02:00:00,-3.7,990.6,95,-4.4,0.0,0,221,0.0,0.5
000A6,2023-01-17 02:30:00,-4.6,990.0,95,-5.3,0.0,0,302,0.0,0.0
000A6,2023-01-17 03:30:00,-5.3,988.9,95,-6.0,0.0,0,297,0.0,0.0
000A6,2023-01-17 04:00:00,-4.9,988.1,95,-5.6,0.0,0,297,0.0,0.0
000A6,2023-01-17 04:30:00,-4.3,987.9,95,-5.0,0.0,0,235,0.0,0.0
000A6,2023-01-17 05:00:00,-3.7,987.1,93,-4.6,1.6,0,271,0.0,0.0
000A6,2023-01-17 05:30:00,-3.7,986.5,94,-4.5,0.0,0,271,0.0,0.0
000A6,2023-01-17 06:00:00,-3.7,986.6,94,-4.5,0.0,0,271,0.0,0.0
000A6,2023-01-17 06:30:00,-3.7,986.4,93,-4.6,1.6,0,252,0.0,0.0
000A6,2023-01-17 07:00:00,-3.8,985.7,94,-4.6,0.0,0,272,0.0,0.0
000A6,2023-01-17 07:30:00,-3.8,985.1,95,-4.5,0.0,0,276,0.0,0.0
000A6,2023-01-17 08:00:00,-3.6,985.1,95,-4.2,0.0,0,277,0.0,0.2
000A6,2023-01-17 08:30:00,-3.4,985.2,95,-4.1,0.0,0,277,0.0,0.0
000A6,2023-01-17 09:30:00,-2.9,984.5,95,-3.6,0.0,0,240,0.0,0.0
000A6,2023-01-17 10:00:00,-2.8,984.5,95,-3.5,0.0,0,240,0.0,0.5
000A6,2023-01-17 10:30:00,-2.6,983.9,95,-3.3,0.0,0,240,0.0,0.0
000A6,2023-01-17 11:00:00,-2.4,983.7,94,-3.2,0.0,0,240,0.0,0.0
000A6,2023-01-17 11:30:00,-2.7,983.9,94,-3.6,4.8,0,224,0.0,0.0
000A6,2023-01-17 12:30:00,-2.8,983.5,95,-3.5,3.2,0,182,0.0,0.0
000A6,2023-01-17 13:00:00,-2.3,984.0,96,-2.9,3.2,0,208,0.0,1.0
000A6,2023-01-17 13:30:00,-1.9,983.9,96,-2.5,3.2,0,240,0.0,0.0
000A6,2023-01-17 14:00:00,-2.2,983.9,95,-2.9,3.2,0,200,0.0,0.8
000A6,2023-01-17 14:30:00,-2.4,984.6,96,-2.9,6.4,0,260,0.0,0.0
000A6,2023-01-17 15:30:00,-2.5,984.4,95,-3.2,0.0,0,256,0.0,0.0
000A6,2023-01-17 16:00:00,-2.6,984.7,94,-3.4,1.6,0,219,0.0,1.0
000A6,2023-01-17 16:30:00,-2.8,985.3,95,-3.5,6.4,0,228,0.0,0.0
000A6,2023-01-17 17:00:00,-3.2,985.6,96,-3.7,0.0,0,187,0.0,0.5
000A6,2023-01-17 17:30:00,-3.2,985.6,96,-3.8,0.0,0,187,0.0,0.0
000A6,2023-01-17 18:30:00,-3.2,986.7,96,-3.8,6.4,0,206,0.0,0.0
000A6,2023-01-17 19:00:00,-3.3,986.7,92,-4.4,3.2,0,246,0.0,0.2
000A6,2023-01-17 19:30:00,-3.5,986.5,90,-4.9,0.0,0,244,0.0,0.0
000A6,2023-01-17 20:00:00,-3.2,986.7,89,-4.8,3.2,0,255,0.0,0.0
000A6,2023-01-17 20:30:00,-3.6,986.7,93,-4.6,3.2,0,240,0.0,0.0
000A6,2023-01-17 21:00:00,-3.6,987.0,94,-4.4,0.0,0,240,0.7,0.5
000A6,2023-01-17 21:30:00,-3.6,987.1,94,-4.4,0.0,0,217,0.0,0.0
000A6,2023-01-17 22:00:00,-3.6,987.3,95,-4.3,0.0,0,225,0.0,0.8
000A6,2023-01-17 22:30:00,-3.8,987.7,95,-4.5,0.0,0,213,0.0,0.0
000A6,2023-01-17 23:30:00,-3.9,987.9,95,-4.6,0.0,0,211,0.0,0.0
000A6,2023-01-18 00:00:00,-3.7,988.0,96,-4.3,0.0,0,209,0.0,0.0
000A6,2023-01-18 00:30:00,-3.8,987.8,96,-4.3,0.0,0,188,0.0,0.0
000A6,2023-01-18 01:30:00,-3.9,988.2,95,-4.6,1.6,0,245,0.0,0.0
000A6,2023-01-18 02:00:00,-3.9,988.4,95,-4.6,0.0,0,245,0.0,0.7
000A6,2023-01-18 02:30:00,-3.8,988.6,96,-4.3,0.0,0,245,0.0,0.0
000A6,2023-01-18 03:30:00,-3.7,988.8,96,-4.2,0.0,0,245,0.0,0.0
000A6,2023-01-18 04:00:00,-3.6,989.1,95,-4.3,0.0,0,245,0.0,0.5
000A6,2023-01-18 04:30:00,-4.0,989.1,95,-4.7,0.0,0,245,0.0,0.0
000A6,2023-01-18 05:00:00,-4.1,989.5,95,-4.7,0.0,0,245,0.0,0.0
000A6,2023-01-18 05:30:00,-4.4,989.5,94,-5.3,0.0,0,245,0.0,0.0
000A6,2023-01-18 06:00:00,-4.3,990.2,95,-5.0,1.6,0,203,0.5,0.0
000A6,2023-01-18 06:30:00,-4.4,990.4,96,-4.9,0.0,0,256,0.0,0.0
000A6,2023-01-18 07:00:00,-4.8,990.8,95,-5.5,0.0,0,256,0.0,0.5
000A6,2023-01-18 07:30:00,-5.2,991.1,95,-5.9,0.0,0,256,0.0,0.0
000A6,2023-01-18 08:00:00,-3.9,991.6,95,-4.6,0.0,0,256,0.0,0.0
000A6,2023-01-18 08:30:00,-3.1,992.1,94,-3.9,0.0,0,256,0.0,0.0
000A6,2023-01-18 09:00:00,-2.0,992.5,92,-3.1,0.0,0,256,0.8,0.3
000A6,2023-01-18 09:30:00,-2.2,992.9,91,-3.5,0.0,0,256,0.0,0.0
000A6,2023-01-18 10:00:00,-1.8,993.3,91,-3.1,0.0,0,256,0.0,0.0
000A6,2023-01-18 10:30:00,-2.0,993.7,90,-3.4,0.0,0,191,0.0,0.0
000A6,2023-01-18 11:00:00,-2.7,993.9,93,-3.6,0.0,0,192,0.0,0.0
000A6,2023-01-18 11:30:00,-2.5,993.9,95,-3.2,0.0,0,191,0.0,0.0
000A6,2023-01-18 12:00:00,-2.6,994.1,94,-3.4,0.0,0,204,0.0,0.0
000A6,2023-01-18 12:30:00,-2.6,994.2,95,-3.3,0.0,0,203,0.0,0.0
000A6,2023-01-18 13:00:00,-3.2,994.5,95,-3.9,0.0,0,203,0.0,0.0
000A6,2023-01-18 13:30:00,-3.6,995.0,95,-4.2,0.0,0,112,0.0,0.0
000A6,2023-01-18 14:00:00,-4.2,995.6,95,-4.9,3.2,0,52,0.0,0.8
000A6,2023-01-18 14:30:00,-4.5,996.4,95,-5.2,0.0,0,171,0.0,0.0
000A6,2023-01-18 15:30:00,-4.6,997.5,96,-5.1,0.0,0,177,0.0,0.0
000A6,2023-01-18 16:30:00,-5.2,998.7,95,-5.8,0.0,0,177,0.0,0.0
000A6,2023-01-18 17:00:00,-5.4,999.3,96,-5.9,0.0,0,177,0.0,0.5
000A6,2023-01-18 17:30:00,-5.8,1000.0,95,-6.5,0.0,0,177,0.0,0.0
000A6,2023-01-18 18:30:00,-5.8,1001.2,95,-6.5,0.0,0,177,0.0,0.0
000A6,2023-01-18 19:00:00,-6.1,1001.8,95,-6.8,0.0,0,177,0.0,0.3
000A6,2023-01-18 19:30:00,-6.2,1002.3,95,-6.8,0.0,0,177,0.0,0.0
000A6,2023-01-18 20:00:00,-6.2,1002.9,95,-6.9,0.0,0,177,0.0,0.7
000A6,2023-01-18 20:30:00,-6.8,1003.5,95,-7.4,0.0,0,178,0.0,0.0
000A6,2023-01-18 21:30:00,-7.1,1004.4,95,-7.8,0.0,0,177,0.0,0.0
000A6,2023-01-18 22:00:00,-7.1,1004.8,95,-7.7,0.0,0,177,0.0,0.0
000A6,2023-01-18 22:30:00,-7.9,1005.1,93,-8.9,0.0,0,177,0.0,0.0
000A6,2023-01-18 23:00:00,-9.1,1005.4,92,-10.1,0.0,0,178,0.0,0.0
000A6,2023-01-18 23:30:00,-9.6,1005.7,92,-10.7,0.0,0,184,0.0,0.0
000A6,2023-01-19 00:00:00,-9.8,1006.0,89,-11.2,0.0,0,255,0.0,0.0
000A6,2023-01-19 00:30:00,-10.4,1006.0,90,-11.7,0.0,0,255,0.0,0.0
000A6,2023-01-19 01:00:00,-10.4,1006.1,91,-11.6,0.0,0,256,0.0,0.0
000A6,2023-01-19 01:30:00,-10.5,1006.3,91,-11.7,0.0,0,257,0.0,0.0
000A6,2023-01-19 02:00:00,-10.7,1006.5,91,-11.8,0.0,0,257,0.0,0.0
000A6,2023-01-19 02:30:00,-11.2,1006.7,90,-12.5,0.0,0,257,0.0,0.0
000A6,2023-01-19 03:00:00,-11.3,1006.8,90,-12.6,0.0,0,257,0.0,0.0
000A6,2023-01-19 03:30:00,-11.3,1006.9,90,-12.6,0.0,0,257,0.0,0.0
000A6,2023-01-19 04:00:00,-11.0,1007.3,89,-12.5,0.0,0,257,0.0,0.0
000A6,2023-01-19 04:30:00,-10.9,1007.5,88,-12.5,0.0,0,266,0.0,0.0
000A6,2023-01-19 05:00:00,-10.8,1007.9,89,-12.3,0.0,0,276,0.0,0.0
000A6,2023-01-19 05:30:00,-10.9,1008.2,88,-12.5,0.0,0,276,0.0,0.0
000A6,2023-01-19 06:00:00,-11.4,1008.4,90,-12.7,0.0,0,277,0.0,0.0
000A6,2023-01-19 06:30:00,-11.4,1008.6,90,-12.8,0.0,0,277,0.0,0.0
000A6,2023-01-19 07:00:00,-11.2,1009.1,90,-12.5,0.0,0,277,0.0,0.0
000A6,2023-01-19 07:30:00,-11.6,1009.2,89,-13.0,0.0,0,277,0.0,0.0
000A6,2023-01-19 08:00:00,-11.3,1009.5,90,-12.6,0.0,0,277,0.0,0.0
000A6,2023-01-19 08:30:00,-11.1,1009.8,89,-12.6,0.0,0,279,0.0,0.0
000A6,2023-01-19 09:00:00,-7.6,1010.1,88,-9.2,0.0,0,281,0.0,0.0
000A6,2023-01-19 09:30:00,-6.0,1010.1,82,-8.6,0.0,0,281,0.0,0.0
000A6,2023-01-19 10:00:00,-5.8,1010.2,79,-8.9,0.0,0,281,0.0,0.0
000A6,2023-01-19 10:30:00,-4.7,1010.2,78,-7.9,0.0,0,281,0.0,0.0
000A6,2023-01-19 11:00:00,-4.8,1010.1,75,-8.6,0.0,0,281,0.0,0.0
000A6,2023-01-19 11:30:00,-4.7,1009.8,76,-8.3,0.0,0,281,0.0,0.0
000A6,2023-01-19 12:00:00,-4.7,1009.5,76,-8.3,0.0,0,281,0.0,0.0
000A6,2023-01-19 12:30:00,-4.7,1009.4,76,-8.3,0.0,0,281,0.0,0.0
000A6,2023-01-19 13:00:00,-5.1,1009.3,80,-8.0,0.0,0,221,0.0,0.0
000A6,2023-01-19 13:30:00,-5.4,1009.6,86,-7.4,0.0,0,220,0.0,0.0
000A6,2023-01-19 14:00:00,-5.7,1009.5,88,-7.3,0.0,0,220,0.0,0.0
000A6,2023-01-19 14:30:00,-6.4,1009.4,90,-7.8,0.0,0,219,0.0,0.0
000A6,2023-01-19 15:00:00,-5.9,1009.3,91,-7.2,0.0,0,220,0.0,0.0
000A6,2023-01-19 15:30:00,-7.6,1009.0,89,-9.1,0.0,0,220,0.0,0.0
000A6,2023-01-19 16:00:00,-8.7,1008.9,90,-10.1,0.0,0,220,0.0,0.0
000A6,2023-01-19 16:30:00,-9.4,1008.9,88,-11.1,0.0,0,221,0.0,0.0
000A6,2023-01-19 17:00:00,-9.9,1008.8,89,-11.4,0.0,0,221,0.0,0.0
000A6,2023-01-19 17:30:00,-10.2,1008.7,88,-11.8,0.0,0,222,0.0,0.0
000A6,2023-01-19 18:00:00,-10.6,1008.7,89,-12.1,0.0,0,222,0.0,0.0
000A6,2023-01-19 18:30:00,-10.6,1008.5,89,-12.1,0.0,0,284,0.0,0.0
000A6,2023-01-19 19:00:00,-10.2,1008.2,86,-12.1,0.0,0,296,0.0,0.0
000A6,2023-01-19 19:30:00,-10.9,1008.0,86,-12.8,0.0,0,298,0.0,0.0
000A6,2023-01-19 20:00:00,-10.8,1008.0,86,-12.7,0.0,0,298,0.0,0.0
000A6,2023-01-19 20:30:00,-11.3,1008.3,87,-13.0,0.0,0,298,0.0,0.0
000A6,2023-01-19 21:00:00,-11.1,1008.5,87,-12.8,0.0,0,298,0.0,0.0
000A6,2023-01-19 21:30:00,-11.3,1008.6,87,-13.0,0.0,0,298,0.0,0.0
000A6,2023-01-19 22:00:00,-11.3,1008.7,86,-13.2,0.0,0,298,0.0,0.0
000A6,2023-01-19 22:30:00,-11.5,1009.1,87,-13.2,0.0,0,298,0.0,0.0
000A6,2023-01-19 23:00:00,-11.2,1009.5,86,-13.0,0.0,0,299,0.0,0.0
000A6,2023-01-19 23:30:00,-11.4,1009.6,86,-13.3,0.0,0,300,0.0,0.0
000A6,2023-01-20 00:00:00,-11.7,1009.6,86,-13.5,0.0,0,300,0.0,0.0
000A6,2023-01-20 00:30:00,-11.7,1009.9,87,-13.4,0.0,0,300,0.0,0.0
000A6,2023-01-20 01:00:00,-11.6,1010.4,86,-13.5,0.0,0,300,0.0,0.0
000A6,2023-01-20 01:30:00,-11.6,1010.8,86,-13.5,0.0,0,300,0.0,0.0
000A6,2023-01-20 02:00:00,-11.4,1011.1,84,-13.6,0.0,0,300,0.0,0.0
000A6,2023-01-20 02:30:00,-11.4,1011.3,84,-13.6,0.0,0,300,0.0,0.0
000A6,2023-01-20 03:00:00,-11.7,1011.7,84,-13.8,0.0,0,300,0.0,0.0
000A6,2023-01-20 03:30:00,-11.9,1012.0,85,-13.9,0.0,0,300,0.0,0.0
000A6,2023-01-20 04:00:00,-11.7,1012.2,85,-13.7,0.0,0,304,0.0,0.0
000A6,2023-01-20 04:30:00,-11.8,1012.5,85,-13.8,0.0,0,304,0.0,0.0
000A6,2023-01-20 05:00:00,-11.7,1012.7,84,-13.8,0.0,0,304,0.0,0.0
000A6,2023-01-20 05:30:00,-11.4,1013.1,84,-13.6,0.0,0,304,0.0,0.0
000A6,2023-01-20 06:00:00,-12.0,1013.8,84,-14.2,0.0,0,304,0.0,0.0
000A6,2023-01-20 06:30:00,-12.6,1014.5,86,-14.5,0.0,0,304,0.0,0.0
000A6,2023-01-20 07:00:00,-12.9,1015.0,87,-14.6,0.0,0,304,0.0,0.0
000A6,2023-01-20 07:30:00,-12.9,1015.7,87,-14.7,0.0,0,304,0.0,0.0
000A6,2023-01-20 08:00:00,-12.9,1016.4,87,-14.6,0.0,0,304,0.0,0.0
000A6,2023-01-20 08:30:00,-12.3,1016.8,87,-14.0,0.0,0,304,0.0,0.0
000A6,2023-01-20 09:00:00,-8.2,1017.2,83,-10.5,0.0,0,304,0.0,0.0
000A6,2023-01-20 09:30:00,-7.3,1017.7,76,-10.8,0.0,0,304,0.0,0.0
000A6,2023-01-20 10:00:00,-7.0,1018.0,72,-11.2,0.0,0,304,0.0,0.0
000A6,2023-01-20 10:30:00,-5.9,1018.1,74,-9.8,0.0,0,277,0.0,0.0
000A6,2023-01-20 11:00:00,-6.4,1018.1,74,-10.3,0.0,0,228,0.0,0.0
000A6,2023-01-20 11:30:00,-6.2,1018.4,75,-9.9,1.6,0,168,0.0,0.0
000A6,2023-01-20 12:00:00,-6.0,1018.5,73,-10.1,1.6,0,168,0.0,0.0
000A6,2023-01-20 12:30:00,-5.7,1018.7,72,-9.9,1.6,0,168,0.0,0.0
000A6,2023-01-20 13:00:00,-5.7,1018.8,77,-9.1,0.0,0,168,0.0,0.0
000A6,2023-01-20 13:30:00,-5.1,1018.9,75,-8.8,1.6,0,44,0.0,0.0
000A6,2023-01-20 14:00:00,-6.1,1019.2,80,-9.0,0.0,0,50,0.0,0.0
000A6,2023-01-20 14:30:00,-6.3,1019.5,82,-8.9,0.0,0,50,0.0,0.0
000A6,2023-01-20 15:00:00,-6.8,1019.6,85,-8.9,0.0,0,45,0.0,0.0
000A6,2023-01-20 15:30:00,-7.4,1019.8,84,-9.6,0.0,0,45,0.0,0.0
000A6,2023-01-20 16:00:00,-8.6,1020.1,85,-10.6,0.0,0,45,0.0,0.0
000A6,2023-01-20 16:30:00,-9.3,1020.4,85,-11.3,0.0,0,45,0.0,0.0
000A6,2023-01-20 17:00:00,-9.6,1020.7,85,-11.7,0.0,0,27,0.0,0.0
000A6,2023-01-20 17:30:00,-9.9,1020.9,86,-11.8,0.0,0,333,0.0,0.0
000A6,2023-01-20 18:00:00,-9.7,1021.0,84,-11.9,0.0,0,334,0.0,0.0
000A6,2023-01-20 18:30:00,-9.6,1021.1,83,-12.0,1.6,0,329,0.0,0.0
000A6,2023-01-20 19:00:00,-10.7,1021.2,84,-12.9,0.0,0,326,0.0,0.0
000A6,2023-01-20 19:30:00,-10.9,1021.3,87,-12.7,0.0,0,326,0.0,0.0
000A6,2023-01-20 20:00:00,-10.8,1021.3,86,-12.7,0.0,0,326,0.0,0.0
000A6,2023-01-20 20:30:00,-10.6,1021.5,87,-12.4,0.0,0,326,0.0,0.0
000A6,2023-01-20 21:00:00,-9.9,1021.5,87,-11.6,0.0,0,326,0.0,0.0
000A6,2023-01-20 21:30:00,-9.8,1021.4,86,-11.7,0.0,0,326,0.0,0.0
000A6,2023-01-20 22:00:00,-9.8,1021.3,87,-11.5,0.0,0,326,0.0,0.0
000A6,2023-01-20 22:30:00,-9.3,1021.3,86,-11.2,0.0,0,326,0.0,0.0
000A6,2023-01-20 23:00:00,-9.4,1021.3,86,-11.4,0.0,0,326,0.0,0.0
000A6,2023-01-20 23:30:00,-9.8,1021.1,87,-11.5,0.0,0,326,0.0,0.0
000A6,2023-01-21 00:00:00,-10.4,1021.0,87,-12.1,0.0,0,326,0.0,0.0
000A6,2023-01-21 00:30:00,-10.9,1020.9,87,-12.6,0.0,0,326,0.0,0.0
000A6,2023-01-21 01:00:00,-11.0,1020.9,87,-12.7,0.0,0,326,0.0,0.0
000A6,2023-01-21 01:30:00,-11.0,1020.9,87,-12.7,0.0,0,326,0.0,0.0
000A6,2023-01-21 02:00:00,-11.2,1020.6,87,-13.0,0.0,0,326,0.0,0.0
000A6,2023-01-21 02:30:00,-11.4,1020.4,87,-13.1,0.0,0,326,0.0,0.0
000A6,2023-01-21 03:00:00,-11.6,1020.3,86,-13.4,0.0,0,326,0.0,0.0
000A6,2023-01-21 03:30:00,-11.6,1020.2,87,-13.3,0.0,0,326,0.0,0.0
000A6,2023-01-21 04:00:00,-11.5,1019.9,87,-13.2,0.0,0,326,0.0,0.0
000A6,2023-01-21 04:30:00,-11.6,1019.8,87,-13.3,0.0,0,326,0.0,0.0
000A6,2023-01-21 05:00:00,-11.2,1019.7,85,-13.2,0.0,0,326,0.0,0.0
000A6,2023-01-21 05:30:00,-11.4,1019.6,84,-13.6,0.0,0,326,0.0,0.0
000A6,2023-01-21 06:00:00,-11.5,1019.5,84,-13.7,0.0,0,326,0.0,0.0
000A6,2023-01-21 06:30:00,-11.1,1019.4,83,-13.4,0.0,0,59,0.0,0.0
000A6,2023-01-21 07:00:00,-9.9,1019.3,81,-12.6,3.2,0,71,0.0,0.0
000A6,2023-01-21 07:30:00,-10.8,1019.5,80,-13.6,0.0,0,89,0.0,0.0
000A6,2023-01-21 08:00:00,-9.2,1019.3,80,-12.0,4.8,0,41,0.0,0.0
000A6,2023-01-21 08:30:00,-8.9,1019.2,79,-11.9,8.0,0,38,0.0,0.0
000A6,2023-01-21 09:00:00,-6.8,1019.1,75,-10.5,4.8,0,150,0.0,0.0
000A6,2023-01-21 09:30:00,-6.1,1019.1,74,-10.0,3.2,0,88,0.0,0.0
000A6,2023-01-21 10:00:00,-5.0,1019.1,73,-9.1,3.2,0,48,0.0,0.0
000A6,2023-01-21 10:30:00,-5.3,1018.9,74,-9.2,6.4,0,32,0.0,0.0
000A6,2023-01-21 11:00:00,-4.9,1018.8,74,-8.8,4.8,0,37,0.0,0.0
000A6,2023-01-21 11:30:00,-5.1,1018.3,73,-9.1,11.3,0,48,0.0,0.0
000A6,2023-01-21 12:00:00,-5.7,1018.3,75,-9.4,1.6,0,59,0.0,0.0
000A6,2023-01-21 12:30:00,-5.5,1017.7,76,-9.1,6.4,0,37,0.0,0.0
000A6,2023-01-21 13:00:00,-5.2,1017.8,75,-9.0,9.7,0,53,0.0,0.0
000A6,2023-01-21 13:30:00,-5.4,1018.0,76,-9.0,9.7,0,47,0.0,0.0
000A6,2023-01-21 14:00:00,-5.7,1018.3,75,-9.4,11.3,0,36,0.0,0.0
000A6,2023-01-21 14:30:00,-6.3,1018.5,78,-9.5,9.7,0,18,0.0,0.0
000A6,2023-01-21 15:00:00,-6.6,1018.8,80,-9.4,8.0,0,35,0.0,0.0
000A6,2023-01-21 15:30:00,-6.8,1018.9,82,-9.4,6.4,0,307,0.0,0.0
000A6,2023-01-21 16:00:00,-7.2,1019.2,82,-9.7,9.7,0,28,0.0,0.0
000A6,2023-01-21 16:30:00,-7.4,1019.4,82,-10.0,9.7,0,330,0.0,0.0
000A6,2023-01-21 17:00:00,-7.7,1019.6,84,-9.9,9.7,0,27,0.0,0.0
000A6,2023-01-21 17:30:00,-7.8,1019.6,84,-10.1,8.0,0,350,0.0,0.0
000A6,2023-01-21 18:00:00,-7.8,1019.9,83,-10.2,8.0,0,355,0.0,0.0
000A6,2023-01-21 18:30:00,-7.8,1020.1,82,-10.4,8.0,0,11,0.0,0.0
000A6,2023-01-21 19:00:00,-7.9,1020.1,83,-10.3,6.4,0,15,0.0,0.0
000A6,2023-01-21 19:30:00,-7.9,1020.1,81,-10.6,8.0,0,24,0.0,0.0
000A6,2023-01-21 20:00:00,-7.9,1020.2,82,-10.5,8.0,0,355,0.0,0.0
000A6,2023-01-21 20:30:00,-7.9,1020.5,82,-10.5,9.7,0,28,0.0,0.0
000A6,2023-01-21 21:00:00,-8.1,1020.5,82,-10.6,6.4,0,26,0.0,0.0
000A6,2023-01-21 21:30:00,-8.1,1020.6,82,-10.6,4.8,0,19,0.0,0.0
000A6,2023-01-21 22:00:00,-8.2,1020.8,83,-10.5,4.8,0,43,0.0,0.0
000A6,2023-01-21 22:30:00,-8.4,1020.7,84,-10.6,3.2,0,37,0.0,0.0
000A6,2023-01-21 23:00:00,-9.2,1020.7,85,-11.2,0.0,0,111,0.0,0.0
000A6,2023-01-21 23:30:00,-9.6,1020.5,86,-11.5,0.0,0,66,0.0,0.0
000A6,2023-01-22 00:00:00,-9.5,1020.5,86,-11.4,0.0,0,48,0.0,0.0
000A6,2023-01-22 00:30:00,-10.2,1020.5,87,-12.0,0.0,0,47,0.0,0.0
000A6,2023-01-22 01:00:00,-10.6,1020.5,88,-12.2,0.0,0,47,0.0,0.0
000A6,2023-01-22 01:30:00,-10.6,1020.7,90,-11.9,0.0,0,47,0.0,0.0
000A6,2023-01-22 02:00:00,-9.5,1020.6,89,-11.0,0.0,0,231,0.0,0.0
000A6,2023-01-22 02:30:00,-9.6,1020.9,87,-11.3,0.0,0,143,0.0,0.0
000A6,2023-01-22 03:00:00,-10.3,1020.7,90,-11.6,0.0,0,98,0.0,0.0
000A6,2023-01-22 03:30:00,-10.6,1020.9,90,-11.9,0.0,0,98,0.0,0.0
000A6,2023-01-22 04:00:00,-10.7,1020.9,90,-12.0,0.0,0,98,0.0,0.0
000A6,2023-01-22 04:30:00,-10.5,1021.1,91,-11.7,0.0,0,98,0.0,0.0
000A6,2023-01-22 05:00:00,-9.9,1021.2,92,-10.9,0.0,0,98,0.0,0.0
000A6,2023-01-22 05:30:00,-10.6,1021.4,91,-11.8,0.0,0,98,0.0,0.0
000A6,2023-01-22 06:00:00,-10.7,1021.4,92,-11.7,0.0,0,98,0.0,0.0
000A6,2023-01-22 06:30:00,-11.0,1021.5,92,-12.0,0.0,0,98,0.0,0.0
000A6,2023-01-22 07:00:00,-10.4,1021.8,93,-11.3,0.0,0,98,0.0,0.0
000A6,2023-01-22 07:30:00,-10.4,1022.0,92,-11.4,0.0,0,98,0.0,0.0
000A6,2023-01-22 08:00:00,-9.8,1022.3,92,-10.8,0.0,0,149,0.0,0.0
000A6,2023-01-22 08:30:00,-8.9,1022.6,92,-10.0,0.0,0,180,0.0,0.0
000A6,2023-01-22 09:00:00,-8.5,1022.6,92,-9.6,0.0,0,139,0.0,0.0
000A6,2023-01-22 09:30:00,-8.6,1022.8,92,-9.6,0.0,0,157,0.0,0.0
000A6,2023-01-22 10:00:00,-8.5,1023.1,93,-9.4,0.0,0,176,0.0,0.0
000A6,2023-01-22 10:30:00,-7.4,1023.2,92,-8.5,0.0,0,176,0.0,0.0
000A6,2023-01-22 11:00:00,-5.9,1023.0,88,-7.6,0.0,0,176,0.0,0.0
000A6,2023-01-22 11:30:00,-6.1,1023.0,87,-7.9,1.6,0,175,0.0,0.0
000A6,2023-01-22 12:00:00,-6.0,1022.9,86,-8.0,1.6,0,175,0.3,0.3
000A6,2023-01-22 12:30:00,-5.8,1023.0,87,-7.6,1.6,0,175,0.0,0.0
000A6,2023-01-22 13:00:00,-6.4,1023.1,89,-7.9,0.0,0,175,0.0,0.0
000A6,2023-01-22 13:30:00,-6.8,1023.2,89,-8.3,0.0,0,175,0.0,0.0
000A6,2023-01-22 14:00:00,-6.8,1023.4,90,-8.1,0.0,0,175,0.0,0.0
000A6,2023-01-22 14:30:00,-6.7,1023.6,89,-8.2,0.0,0,175,0.0,0.0
000A6,2023-01-22 15:00:00,-6.9,1023.9,89,-8.4,0.0,0,175,0.0,0.0
000A6,2023-01-22 15:30:00,-7.0,1024.1,90,-8.4,0.0,0,175,0.0,0.0
000A6,2023-01-22 16:00:00,-7.2,1024.2,90,-8.5,0.0,0,175,0.0,0.0
000A6,2023-01-22 16:30:00,-7.3,1024.5,90,-8.6,0.0,0,175,0.0,0.0
000A6,2023-01-22 17:00:00,-7.2,1024.8,89,-8.7,0.0,0,174,0.0,0.0
000A6,2023-01-22 17:30:00,-7.1,1025.0,86,-9.0,0.0,0,329,0.0,0.0
000A6,2023-01-22 18:00:00,-7.3,1025.1,85,-9.4,0.0,0,5,0.0,0.0
000A6,2023-01-22 18:30:00,-7.4,1025.6,86,-9.3,1.6,0,28,0.0,0.0
000A6,2023-01-22 19:00:00,-7.4,1025.6,85,-9.5,0.0,0,29,0.0,0.0
000A6,2023-01-22 19:30:00,-7.7,1025.7,85,-9.8,1.6,0,11,0.0,0.0
000A6,2023-01-22 20:00:00,-8.2,1025.8,86,-10.1,1.6,0,331,0.0,0.0
000A6,2023-01-22 20:30:00,-8.6,1025.9,85,-10.6,0.0,0,34,0.0,0.0
000A6,2023-01-22 21:00:00,-8.8,1026.1,86,-10.7,0.0,0,49,0.0,0.0
000A6,2023-01-22 21:30:00,-8.9,1025.9,87,-10.7,1.6,0,48,0.0,0.0
000A6,2023-01-22 22:00:00,-9.2,1025.9,87,-11.0,0.0,0,32,0.0,0.0
000A6,2023-01-22 22:30:00,-9.4,1025.8,88,-11.1,0.0,0,34,0.0,0.0
000A6,2023-01-22 23:00:00,-9.2,1025.7,88,-10.8,0.0,0,23,0.0,0.0
000A6,2023-01-22 23:30:00,-9.2,1025.6,87,-10.9,0.0,0,5,0.0,0.0
000A6,2023-01-23 00:00:00,-9.5,1025.5,87,-11.3,0.0,0,5,0.0,0.0
000A6,2023-01-23 00:30:00,-9.4,1025.4,88,-11.0,0.0,0,5,0.0,0.0
000A6,2023-01-23 01:00:00,-9.0,1025.2,88,-10.6,0.0,0,5,0.0,0.0
000A6,2023-01-23 01:30:00,-8.8,1025.3,87,-10.6,0.0,0,5,0.0,0.0
000A6,2023-01-23 02:00:00,-9.1,1025.1,87,-10.9,0.0,0,5,0.0,0.0
000A6,2023-01-23 02:30:00,-9.6,1025.2,87,-11.3,0.0,0,5,0.0,0.0
000A6,2023-01-23 03:00:00,-9.6,1025.1,88,-11.2,0.0,0,5,0.0,0.0
000A6,2023-01-23 03:30:00,-9.7,1025.0,88,-11.3,0.0,0,23,0.0,0.0
000A6,2023-01-23 04:00:00,-9.5,1024.7,88,-11.1,0.0,0,46,0.0,0.0
000A6,2023-01-23 04:30:00,-9.3,1024.6,89,-10.8,3.2,0,59,0.0,0.0
000A6,2023-01-23 05:00:00,-9.3,1024.5,88,-11.0,3.2,0,36,0.0,0.0
000A6,2023-01-23 05:30:00,-9.7,1024.8,88,-11.3,0.0,0,49,0.0,0.0
000A6,2023-01-23 06:00:00,-10.1,1024.7,89,-11.5,0.0,0,46,0.0,0.0
000A6,2023-01-23 06:30:00,-9.8,1024.6,97,-10.2,0.0,0,15,0.0,0.0
000A6,2023-01-23 07:00:00,-10.2,1024.8,89,-11.7,1.6,0,57,0.0,0.0
000A6,2023-01-23 07:30:00,-9.6,1024.8,88,-11.2,0.0,0,65,0.0,0.0
000A6,2023-01-23 08:00:00,-9.4,1024.7,88,-11.1,0.0,0,14,0.0,0.0
000A6,2023-01-23 08:30:00,-8.9,1024.8,87,-10.7,0.0,0,59,0.0,0.0
000A6,2023-01-23 09:00:00,-6.8,1024.4,83,-9.2,1.6,0,90,0.0,0.0
000A6,2023-01-23 09:30:00,-6.2,1024.6,80,-9.1,0.0,0,57,0.0,0.0
000A6,2023-01-23 10:00:00,-4.7,1024.2,77,-8.1,1.6,0,40,0.0,0.0
000A6,2023-01-23 10:30:00,-5.2,1023.6,78,-8.4,1.6,0,66,0.0,0.0
000A6,2023-01-23 11:00:00,-5.0,1023.3,77,-8.4,0.0,0,49,0.0,0.0
000A6,2023-01-23 11:30:00,-5.2,1023.2,79,-8.3,1.6,0,142,0.0,0.0
000A6,2023-01-23 12:00:00,-4.6,1022.9,78,-7.9,0.0,0,61,0.0,0.0
000A6,2023-01-23 12:30:00,-4.8,1022.6,78,-8.0,1.6,0,169,0.0,0.0
000A6,2023-01-23 13:00:00,-3.7,1022.4,76,-7.3,0.0,0,135,0.0,0.0
000A6,2023-01-23 13:30:00,-5.1,1022.6,81,-7.8,1.6,0,169,0.0,0.0
000A6,2023-01-23 14:00:00,-4.8,1022.7,82,-7.4,0.0,0,169,0.0,0.0
000A6,2023-01-23 14:30:00,-5.9,1022.8,84,-8.2,0.0,0,169,0.0,0.0
000A6,2023-01-23 15:00:00,-5.9,1023.2,85,-8.1,0.0,0,169,0.0,0.0
000A6,2023-01-23 15:30:00,-6.4,1023.2,87,-8.3,0.0,0,169,0.0,0.0
000A6,2023-01-23 16:00:00,-7.1,1023.2,88,-8.8,0.0,0,169,0.0,0.0
000A6,2023-01-23 16:30:00,-7.5,1023.3,89,-9.0,0.0,0,170,0.0,0.0
000A6,2023-01-23 17:00:00,-7.6,1023.6,89,-9.1,0.0,0,170,0.0,0.0
000A6,2023-01-23 17:30:00,-8.2,1023.8,90,-9.6,0.0,0,171,0.0,0.0
000A6,2023-01-23 18:00:00,-8.4,1024.3,91,-9.6,0.0,0,171,0.0,0.0
000A6,2023-01-23 18:30:00,-8.2,1024.3,91,-9.4,0.0,0,176,0.0,0.0
000A6,2023-01-23 19:00:00,-7.9,1024.4,91,-9.2,0.0,0,178,0.0,0.0
000A6,2023-01-23 19:30:00,-8.2,1024.6,91,-9.4,0.0,0,189,0.0,0.0
000A6,2023-01-23 20:00:00,-8.4,1024.8,91,-9.6,0.0,0,190,0.0,0.0
000A6,2023-01-23 20:30:00,-8.6,1024.8,91,-9.8,0.0,0,190,0.0,0.0
000A6,2023-01-23 21:00:00,-8.1,1025.2,92,-9.1,0.0,0,203,0.0,0.0
000A6,2023-01-23 21:30:00,-8.1,1025.3,90,-9.5,0.0,0,203,0.0,0.0
000A6,2023-01-23 22:00:00,-8.2,1025.3,91,-9.4,0.0,0,227,0.0,0.0
000A6,2023-01-23 22:30:00,-7.7,1025.7,90,-9.0,1.6,0,242,0.0,0.0
000A6,2023-01-23 23:00:00,-7.5,1026.0,90,-8.9,0.0,0,242,0.0,0.0
000A6,2023-01-23 23:30:00,-7.2,1026.1,90,-8.6,0.0,0,242,0.0,0.0
000A6,2023-01-24 00:00:00,-6.4,1026.2,89,-7.9,0.0,0,242,0.0,0.0
000A6,2023-01-24 00:30:00,-6.7,1026.6,90,-8.0,1.6,0,242,0.0,0.0
000A6,2023-01-24 01:00:00,-6.8,1026.8,89,-8.3,0.0,0,242,0.0,0.0
000A6,2023-01-24 01:30:00,-7.5,1027.4,89,-9.0,0.0,0,242,0.0,0.0
000A6,2023-01-24 02:00:00,-7.6,1027.8,90,-9.0,0.0,0,242,0.0,0.0
000A6,2023-01-24 02:30:00,-7.3,1027.7,91,-8.5,0.0,0,244,0.0,0.0
000A6,2023-01-24 03:00:00,-6.2,1027.6,91,-7.5,1.6,0,247,0.0,0.0
000A6,2023-01-24 03:30:00,-5.2,1027.9,89,-6.7,0.0,0,310,0.0,0.0
000A6,2023-01-24 04:00:00,-3.9,1027.8,84,-6.2,0.0,0,252,0.0,0.0
000A6,2023-01-24 04:30:00,-3.6,1027.8,85,-5.8,1.6,0,259,0.0,0.0
000A6,2023-01-24 05:00:00,-3.6,1027.8,84,-5.9,1.6,0,273,0.0,0.0
000A6,2023-01-24 05:30:00,-3.6,1028.1,84,-5.9,0.0,0,269,0.0,0.0
000A6,2023-01-24 06:00:00,-4.0,1028.3,86,-6.0,0.0,0,269,0.0,0.0
000A6,2023-01-24 06:30:00,-3.7,1028.8,84,-6.0,0.0,0,271,0.0,0.0
000A6,2023-01-24 07:00:00,-4.1,1029.1,84,-6.4,1.6,0,296,0.0,0.0
000A6,2023-01-24 07:30:00,-3.3,1029.5,82,-6.0,3.2,0,255,0.0,0.0
000A6,2023-01-24 08:00:00,-3.4,1029.6,82,-6.0,0.0,0,281,0.0,0.0
000A6,2023-01-24 08:30:00,-2.3,1029.9,81,-5.2,0.0,0,245,0.0,0.0
000A6,2023-01-24 09:00:00,0.2,1030.2,73,-4.1,1.6,0,38,0.0,0.0
000A6,2023-01-24 09:30:00,1.7,1030.2,67,-3.8,1.6,0,219,0.0,0.0
000A6,2023-01-24 10:00:00,2.4,1030.4,67,-3.1,1.6,0,207,0.0,0.0
000A6,2023-01-24 10:30:00,2.2,1030.2,66,-3.5,0.0,0,88,0.0,0.0
000A6,2023-01-24 11:00:00,3.4,1029.9,64,-2.8,1.6,0,184,0.0,0.0
000A6,2023-01-24 11:30:00,3.2,1029.6,64,-3.0,0.0,0,193,0.0,0.0
000A6,2023-01-24 12:00:00,2.4,1029.5,68,-2.9,0.0,0,191,0.0,0.0
000A6,2023-01-24 12:30:00,2.7,1029.2,66,-3.0,0.0,0,190,0.0,0.0
000A6,2023-01-24 13:00:00,2.4,1029.0,67,-3.1,0.0,0,190,0.0,0.0
000A6,2023-01-24 13:30:00,0.6,1029.0,75,-3.4,1.6,0,119,0.0,0.0
000A6,2023-01-24 14:00:00,-1.0,1029.2,80,-4.0,0.0,0,119,0.0,0.0
000A6,2023-01-24 14:30:00,-2.2,1029.3,85,-4.3,0.0,0,119,0.0,0.0
000A6,2023-01-24 15:00:00,-2.2,1029.6,84,-4.5,0.0,0,119,0.0,0.0
000A6,2023-01-24 15:30:00,-1.9,1029.6,85,-4.1,0.0,0,53,0.0,0.0
000A6,2023-01-24 16:00:00,-3.1,1029.7,85,-5.2,0.0,0,53,0.0,0.0
000A6,2023-01-24 16:30:00,-4.4,1029.8,89,-5.9,0.0,0,53,0.0,0.0
000A6,2023-01-24 17:00:00,-3.5,1030.0,90,-4.9,0.0,0,53,0.0,0.0
000A6,2023-01-24 17:30:00,-3.4,1030.1,88,-5.1,0.0,0,52,0.0,0.0
000A6,2023-01-24 18:00:00,-3.5,1030.3,87,-5.4,0.0,0,52,0.0,0.0
000A6,2023-01-24 18:30:00,-3.3,1030.3,86,-5.3,0.0,0,346,0.0,0.0
000A6,2023-01-24 19:00:00,-3.5,1030.5,84,-5.8,0.0,0,346,0.0,0.0
000A6,2023-01-24 19:30:00,-3.2,1030.4,85,-5.4,0.0,0,346,0.0,0.0
000A6,2023-01-24 20:00:00,-3.6,1030.3,85,-5.7,0.0,0,346,0.0,0.0
000A6,2023-01-24 20:30:00,-3.3,1030.2,83,-5.8,0.0,0,346,0.0,0.0
000A6,2023-01-24 21:00:00,-3.9,1030.0,83,-6.4,0.0,0,346,0.0,0.0
000A6,2023-01-24 21:30:00,-3.9,1030.0,83,-6.4,0.0,0,346,0.0,0.0
000A6,2023-01-24 22:00:00,-4.2,1030.0,82,-6.8,0.0,0,346,0.0,0.0
000A6,2023-01-24 22:30:00,-4.1,1029.9,81,-6.9,0.0,0,346,0.0,0.0
000A6,2023-01-24 23:00:00,-4.6,1029.7,83,-7.1,0.0,0,346,0.0,0.0
000A6,2023-01-24 23:30:00,-4.4,1029.7,81,-7.2,0.0,0,346,0.0,0.0
000A6,2023-01-25 00:00:00,-4.8,1029.4,82,-7.4,0.0,0,346,0.0,0.0
000A6,2023-01-25 00:30:00,-4.4,1029.1,81,-7.2,0.0,0,346,0.0,0.0
000A6,2023-01-25 01:00:00,-4.7,1028.9,81,-7.4,0.0,0,346,0.0,0.0
000A6,2023-01-25 01:30:00,-5.1,1028.5,82,-7.7,0.0,0,346,0.0,0.0
000A6,2023-01-25 02:00:00,-5.3,1028.6,82,-7.9,0.0,0,346,0.0,0.0
000A6,2023-01-25 02:30:00,-5.6,1028.1,83,-8.0,0.0,0,346,0.0,0.0
000A6,2023-01-25 03:00:00,-5.9,1028.1,85,-8.1,0.0,0,346,0.0,0.0
000A6,2023-01-25 03:30:00,-4.8,1027.7,81,-7.6,1.6,0,346,0.0,0.0
000A6,2023-01-25 04:00:00,-5.7,1027.8,82,-8.3,0.0,0,346,0.0,0.0
000A6,2023-01-25 04:30:00,-4.6,1027.4,79,-7.7,0.0,0,344,0.0,0.0
000A6,2023-01-25 05:00:00,-4.4,1027.4,77,-7.9,0.0,0,341,0.0,0.0
000A6,2023-01-25 05:30:00,-5.1,1027.1,79,-8.2,0.0,0,341,0.0,0.0
000A6,2023-01-25 06:00:00,-5.4,1027.1,81,-8.2,0.0,0,341,0.0,0.0
000A6,2023-01-25 06:30:00,-5.1,1027.0,80,-8.0,0.0,0,341,0.0,0.0
000A6,2023-01-25 07:00:00,-5.4,1027.0,80,-8.3,0.0,0,341,0.0,0.0
000A6,2023-01-25 07:30:00,-5.3,1026.9,81,-8.0,0.0,0,341,0.0,0.0
000A6,2023-01-25 08:00:00,-4.7,1026.8,80,-7.6,0.0,0,341,0.0,0.0
000A6,2023-01-25 08:30:00,-3.3,1026.7,75,-7.1,0.0,0,341,0.0,0.0
000A6,2023-01-25 09:00:00,-1.4,1026.5,71,-6.0,0.0,0,78,0.0,0.0
000A6,2023-01-25 09:30:00,-0.7,1026.4,71,-5.3,0.0,0,104,0.0,0.0
000A6,2023-01-25 10:00:00,-0.1,1026.2,69,-5.1,0.0,0,101,0.0,0.0
000A6,2023-01-25 10:30:00,-0.8,1026.0,72,-5.3,0.0,0,107,0.0,0.0
000A6,2023-01-25 11:00:00,-0.1,1025.5,74,-4.2,0.0,0,107,0.0,0.0
000A6,2023-01-25 11:30:00,-0.2,1025.1,77,-3.7,0.0,0,109,0.0,0.0
000A6,2023-01-25 12:00:00,-1.3,1024.9,82,-4.0,0.0,0,140,0.0,0.0
000A6,2023-01-25 12:30:00,-1.4,1024.4,84,-3.8,0.0,0,143,0.0,0.0
000A6,2023-01-25 13:00:00,-0.9,1023.9,83,-3.5,0.0,0,142,0.0,0.0
000A6,2023-01-25 13:30:00,-2.2,1023.8,86,-4.2,0.0,0,142,0.0,0.0
000A6,2023-01-25 14:00:00,-3.1,1023.6,88,-4.8,0.0,0,142,0.0,0.0
000A6,2023-01-25 14:30:00,-4.2,1023.3,92,-5.3,0.0,0,142,0.0,0.0
000A6,2023-01-25 15:00:00,-4.7,1023.5,94,-5.5,0.0,0,144,0.0,0.0
000A6,2023-01-25 15:30:00,-4.9,1023.4,95,-5.6,0.0,0,144,0.0,0.0
000A6,2023-01-25 16:00:00,-5.1,1023.4,95,-5.7,0.0,0,144,0.0,0.0
000A6,2023-01-25 16:30:00,-5.3,1023.1,95,-6.0,0.0,0,141,0.0,0.0
000A6,2023-01-25 17:00:00,-5.4,1023.1,95,-6.1,0.0,0,140,0.0,0.0
000A6,2023-01-25 17:30:00,-5.7,1022.9,95,-6.3,0.0,0,138,0.0,0.0
000A6,2023-01-25 18:00:00,-5.9,1022.7,95,-6.6,0.0,0,137,0.0,0.0
000A6,2023-01-25 18:30:00,-6.2,1022.7,95,-6.8,0.0,0,138,0.0,0.0
000A6,2023-01-25 19:00:00,-6.8,1022.6,95,-7.4,0.0,0,138,0.0,0.0
000A6,2023-01-25 19:30:00,-6.7,1022.3,95,-7.3,0.0,0,138,0.0,0.0
000A6,2023-01-25 20:00:00,-6.8,1022.0,95,-7.4,0.0,0,138,0.0,0.0
000A6,2023-01-25 20:30:00,-6.6,1022.0,95,-7.3,0.0,0,139,0.0,0.0
000A6,2023-01-25 21:00:00,-6.5,1022.0,95,-7.2,0.0,0,139,0.0,0.0
000A6,2023-01-25 21:30:00,-6.7,1021.8,95,-7.4,0.0,0,139,0.0,0.0
000A6,2023-01-25 22:00:00,-6.8,1021.7,95,-7.4,0.0,0,139,0.0,0.0
000A6,2023-01-25 22:30:00,-6.8,1021.3,95,-7.5,0.0,0,139,0.0,0.0
000A6,2023-01-25 23:00:00,-7.2,1021.2,95,-7.9,0.0,0,139,0.0,0.0
000A6,2023-01-25 23:30:00,-7.6,1020.8,95,-8.3,0.0,0,139,0.0,0.0
000A6,2023-01-26 00:00:00,-7.5,1020.4,95,-8.2,0.0,0,163,0.0,0.0
000A6,2023-01-26 00:30:00,-7.3,1019.9,95,-7.9,0.0,0,163,0.0,0.0
000A6,2023-01-26 01:00:00,-8.2,1019.6,94,-9.0,0.0,0,163,0.0,0.0
000A6,2023-01-26 01:30:00,-8.3,1019.5,94,-9.1,3.2,0,246,0.0,0.0
000A6,2023-01-26 02:00:00,-7.8,1019.4,94,-8.6,0.0,0,246,0.0,0.0
000A6,2023-01-26 02:30:00,-7.7,1019.3,95,-8.4,0.0,0,246,0.0,0.0
000A6,2023-01-26 03:00:00,-7.7,1019.0,95,-8.4,0.0,0,246,0.0,0.0
000A6,2023-01-26 03:30:00,-7.7,1018.8,95,-8.3,0.0,0,246,0.0,0.0
000A6,2023-01-26 04:00:00,-7.7,1018.6,95,-8.3,0.0,0,246,0.0,0.0
000A6,2023-01-26 04:30:00,-7.8,1018.2,94,-8.6,0.0,0,246,0.0,0.0
000A6,2023-01-26 05:00:00,-8.4,1018.0,94,-9.2,0.0,0,246,0.0,0.0
000A6,2023-01-26 05:30:00,-8.2,1017.9,94,-9.0,0.0,0,246,0.0,0.0
000A6,2023-01-26 06:00:00,-7.9,1018.0,95,-8.6,0.0,0,246,0.0,0.0
000A6,2023-01-26 06:30:00,-8.1,1017.7,95,-8.7,0.0,0,246,0.0,0.0
000A6,2023-01-26 07:00:00,-8.2,1017.6,94,-9.0,0.0,0,246,0.0,0.0
000A6,2023-01-26 07:30:00,-8.2,1017.9,94,-9.0,0.0,0,246,0.0,0.0
000A6,2023-01-26 08:00:00,-7.8,1017.7,94,-8.6,0.0,0,246,0.0,0.0
000A6,2023-01-26 08:30:00,-7.6,1017.5,95,-8.2,0.0,0,246,0.0,0.0
000A6,2023-01-26 09:00:00,-7.1,1017.3,95,-7.8,0.0,0,246,0.0,0.0
000A6,2023-01-26 09:30:00,-6.7,1017.4,95,-7.3,0.0,0,246,0.0,0.0
000A6,2023-01-26 10:00:00,-6.4,1017.7,95,-7.1,0.0,0,205,0.0,0.0
000A6,2023-01-26 10:30:00,-6.5,1017.6,95,-7.2,0.0,0,204,0.0,0.0
000A6,2023-01-26 11:00:00,-6.1,1017.6,95,-6.8,0.0,0,204,0.0,0.0
000A6,2023-01-26 11:30:00,-6.2,1017.5,95,-6.9,0.0,0,204,0.0,0.0
000A6,2023-01-26 12:00:00,-6.3,1017.2,95,-6.9,0.0,0,204,0.0,0.0
000A6,2023-01-26 12:30:00,-6.1,1016.9,95,-6.8,0.0,0,204,0.0,0.0
000A6,2023-01-26 13:00:00,-6.2,1017.0,95,-6.8,0.0,0,204,0.0,0.0
000A6,2023-01-26 13:30:00,-6.2,1016.9,95,-6.9,0.0,0,204,0.0,0.0
000A6,2023-01-26 14:00:00,-6.2,1016.8,95,-6.9,0.0,0,204,0.0,0.0
000A6,2023-01-26 14:30:00,-6.2,1016.8,95,-6.9,0.0,0,204,0.0,0.0
000A6,2023-01-26 15:00:00,-6.5,1016.8,95,-7.2,0.0,0,204,0.0,0.0
000A6,2023-01-26 15:30:00,-6.4,1017.1,95,-7.1,0.0,0,204,0.0,0.0
000A6,2023-01-26 16:00:00,-6.6,1017.3,95,-7.2,0.0,0,204,0.0,0.0
000A6,2023-01-26 16:30:00,-6.8,1017.6,95,-7.4,0.0,0,71,0.0,0.0
000A6,2023-01-26 17:00:00,-6.8,1017.6,95,-7.4,0.0,0,71,0.0,0.0
000A6,2023-01-26 17:30:00,-6.8,1017.7,95,-7.5,0.0,0,71,0.0,0.0
000A6,2023-01-26 18:00:00,-7.1,1017.7,95,-7.7,0.0,0,71,0.0,0.0
000A6,2023-01-26 18:30:00,-7.5,1017.7,95,-8.2,0.0,0,71,0.0,0.0
000A6,2023-01-26 19:00:00,-7.6,1017.6,95,-8.2,0.0,0,71,0.0,0.0
000A6,2023-01-26 19:30:00,-7.7,1017.5,95,-8.4,0.0,0,71,0.0,0.0
000A6,2023-01-26 20:00:00,-7.8,1017.4,95,-8.5,0.0,0,71,0.0,0.0
000A6,2023-01-26 20:30:00,-7.9,1017.5,95,-8.5,0.0,0,71,0.0,0.0
000A6,2023-01-26 21:00:00,-8.1,1017.2,95,-8.8,0.0,0,55,0.0,0.0
000A6,2023-01-26 21:30:00,-8.2,1017.1,94,-9.0,0.0,0,55,0.0,0.0
000A6,2023-01-26 22:00:00,-8.3,1016.9,95,-9.0,1.6,0,55,0.0,0.0
000A6,2023-01-26 22:30:00,-8.4,1016.8,94,-9.2,0.0,0,55,0.0,0.0
000A6,2023-01-26 23:00:00,-9.0,1016.5,94,-9.8,0.0,0,55,0.0,0.0
000A6,2023-01-26 23:30:00,-8.9,1016.3,94,-9.7,0.0,0,55,0.0,0.0
000A6,2023-01-27 00:00:00,-8.9,1016.3,94,-9.7,0.0,0,55,0.0,0.0
000A6,2023-01-27 00:30:00,-8.8,1016.5,94,-9.6,0.0,0,55,0.0,0.0
000A6,2023-01-27 01:00:00,-8.6,1016.5,94,-9.3,0.0,0,55,0.0,0.0
000A6,2023-01-27 01:30:00,-8.6,1016.4,94,-9.3,0.0,0,55,0.0,0.0
000A6,2023-01-27 02:00:00,-9.5,1016.2,94,-10.3,0.0,0,30,0.0,0.0
000A6,2023-01-27 02:30:00,-9.8,1016.0,94,-10.6,0.0,0,349,0.0,0.0
000A6,2023-01-27 03:00:00,-9.8,1016.0,94,-10.6,0.0,0,349,0.0,0.0
000A6,2023-01-27 03:30:00,-9.7,1015.9,94,-10.5,0.0,0,349,0.0,0.0
000A6,2023-01-27 04:00:00,-9.8,1015.7,94,-10.6,0.0,0,349,0.0,0.0
000A6,2023-01-27 04:30:00,-9.8,1015.9,94,-10.6,0.0,0,349,0.0,0.0
000A6,2023-01-27 05:00:00,-9.8,1015.8,94,-10.6,0.0,0,349,0.0,0.0
000A6,2023-01-27 05:30:00,-9.8,1015.8,94,-10.6,0.0,0,349,0.0,0.0
000A6,2023-01-27 06:00:00,-10.2,1015.8,93,-11.1,0.0,0,349,0.0,0.0
000A6,2023-01-27 06:30:00,-10.2,1015.7,93,-11.1,0.0,0,349,0.0,0.0
000A6,2023-01-27 07:00:00,-10.5,1015.8,93,-11.4,0.0,0,349,0.0,0.0
000A6,2023-01-27 07:30:00,-10.3,1016.0,93,-11.2,0.0,0,349,0.0,0.0
000A6,2023-01-27 08:00:00,-9.8,1015.4,94,-10.6,0.0,0,349,0.0,0.0
000A6,2023-01-27 08:30:00,-8.1,1015.9,95,-8.7,0.0,0,349,0.0,0.0
000A6,2023-01-27 09:00:00,-7.1,1015.8,95,-7.7,0.0,0,294,0.0,0.0
000A6,2023-01-27 09:30:00,-6.8,1016.1,95,-7.4,1.6,0,194,0.0,0.0
000A6,2023-01-27 10:00:00,-5.9,1016.1,95,-6.6,0.0,0,194,0.0,0.0
000A6,2023-01-27 10:30:00,-6.2,1016.0,94,-7.0,0.0,0,194,0.0,0.0
000A6,2023-01-27 11:00:00,-5.9,1015.9,94,-6.8,1.6,0,172,0.0,0.0
000A6,2023-01-27 11:30:00,-5.6,1015.7,93,-6.5,0.0,0,181,0.0,0.0
000A6,2023-01-27 12:00:00,-5.4,1015.5,91,-6.6,3.2,0,182,0.0,0.0
000A6,2023-01-27 12:30:00,-4.9,1015.2,88,-6.6,3.2,0,182,0.0,0.0
000A6,2023-01-27 13:00:00,-4.7,1014.9,88,-6.4,1.6,0,182,0.0,0.0
000A6,2023-01-27 13:30:00,-4.5,1015.2,88,-6.2,1.6,0,182,0.0,0.0
000A6,2023-01-27 14:00:00,-5.0,1015.3,89,-6.5,3.2,0,189,0.0,0.0
000A6,2023-01-27 14:30:00,-5.7,1015.5,91,-7.0,3.2,0,209,0.0,0.0
000A6,2023-01-27 15:00:00,-5.9,1015.7,93,-6.8,3.2,0,207,0.0,0.0
000A6,2023-01-27 15:30:00,-5.8,1016.0,93,-6.7,0.0,0,207,0.0,0.0
000A6,2023-01-27 16:00:00,-6.1,1016.3,94,-6.9,0.0,0,207,0.0,0.0
000A6,2023-01-27 16:30:00,-6.3,1016.5,94,-7.1,0.0,0,206,0.0,0.0
000A6,2023-01-27 17:00:00,-6.9,1016.9,94,-7.7,0.0,0,206,0.0,0.0
000A6,2023-01-27 17:30:00,-7.0,1016.9,94,-7.8,1.6,0,49,0.0,0.0
000A6,2023-01-27 18:00:00,-6.8,1017.5,94,-7.6,1.6,0,299,0.0,0.0
000A6,2023-01-27 18:30:00,-6.8,1017.6,93,-7.8,0.0,0,62,0.0,0.0
000A6,2023-01-27 19:00:00,-7.6,1017.6,93,-8.5,0.0,0,5,0.0,0.0
000A6,2023-01-27 19:30:00,-7.5,1017.9,92,-8.6,0.0,0,360,0.0,0.0
000A6,2023-01-27 20:00:00,-8.0,1018.2,91,-9.2,0.0,0,360,0.0,0.0
000A6,2023-01-27 20:30:00,-8.2,1018.2,92,-9.3,0.0,0,360,0.0,0.0
000A6,2023-01-27 21:00:00,-8.4,1018.4,92,-9.5,0.0,0,360,0.0,0.0
000A6,2023-01-27 21:30:00,-8.0,1018.4,93,-8.9,0.0,0,360,0.0,0.0
000A6,2023-01-27 22:00:00,-7.9,1018.4,93,-8.8,0.0,0,360,0.0,0.0
000A6,2023-01-27 22:30:00,-8.4,1018.5,93,-9.3,0.0,0,360,0.0,0.0
000A6,2023-01-27 23:00:00,-8.3,1018.4,93,-9.2,0.0,0,360,0.0,0.0
000A6,2023-01-27 23:30:00,-8.6,1018.4,93,-9.5,0.0,0,360,0.0,0.0
000A6,2023-01-28 00:00:00,-8.7,1018.3,93,-9.6,0.0,0,360,0.0,0.0
000A6,2023-01-28 00:30:00,-8.5,1018.2,93,-9.4,0.0,0,360,0.0,0.0
000A6,2023-01-28 01:00:00,-8.6,1018.3,93,-9.5,0.0,0,360,0.0,0.0
000A6,2023-01-28 01:30:00,-8.7,1018.2,93,-9.6,0.0,0,360,0.0,0.0
000A6,2023-01-28 02:00:00,-8.5,1018.1,93,-9.4,0.0,0,360,0.0,0.0
000A6,2023-01-28 02:30:00,-8.8,1018.3,93,-9.7,0.0,0,33,0.0,0.0
000A6,2023-01-28 03:00:00,-8.8,1018.2,93,-9.8,0.0,0,33,0.0,0.0
000A6,2023-01-28 03:30:00,-9.1,1018.0,93,-10.0,0.0,0,33,0.0,0.0
000A6,2023-01-28 04:00:00,-9.1,1018.3,93,-10.0,0.0,0,33,0.0,0.0
000A6,2023-01-28 04:30:00,-8.8,1018.3,93,-9.8,0.0,0,32,0.0,0.0
000A6,2023-01-28 05:00:00,-8.6,1018.4,91,-9.8,0.0,0,35,0.0,0.0
000A6,2023-01-28 05:30:00,-8.8,1018.5,93,-9.7,0.0,0,35,0.0,0.0
000A6,2023-01-28 06:00:00,-8.9,1018.7,93,-9.9,0.0,0,35,0.0,0.0
000A6,2023-01-28 06:30:00,-9.1,1019.2,93,-10.0,0.0,0,35,0.0,0.0
000A6,2023-01-28 07:00:00,-8.8,1019.2,94,-9.6,0.0,0,35,0.0,0.0
000A6,2023-01-28 07:30:00,-8.8,1019.4,93,-9.7,0.0,0,227,0.0,0.0
000A6,2023-01-28 08:00:00,-8.4,1019.6,93,-9.3,0.0,0,227,0.0,0.0
000A6,2023-01-28 08:30:00,-7.2,1020.0,92,-8.3,1.6,0,236,0.0,0.0
000A6,2023-01-28 09:00:00,-6.8,1020.3,91,-8.0,0.0,0,217,0.0,0.0
000A6,2023-01-28 09:30:00,-6.1,1020.3,89,-7.6,0.0,0,198,0.0,0.0
000A6,2023-01-28 10:00:00,-5.6,1020.6,86,-7.6,0.0,0,198,0.0,0.0
000A6,2023-01-28 10:30:00,-5.0,1020.5,87,-6.8,0.0,0,198,0.0,0.0
000A6,2023-01-28 11:00:00,-4.7,1020.6,86,-6.7,0.0,0,198,0.0,0.0
000A6,2023-01-28 11:30:00,-4.5,1020.6,86,-6.5,0.0,0,198,0.0,0.0
000A6,2023-01-28 12:00:00,-4.2,1020.6,84,-6.5,0.0,0,198,0.0,0.0
000A6,2023-01-28 12:30:00,-4.1,1020.5,83,-6.5,0.0,0,198,0.0,0.0
000A6,2023-01-28 13:00:00,-3.9,1020.6,82,-6.6,0.0,0,198,0.0,0.0
000A6,2023-01-28 13:30:00,-3.9,1020.8,84,-6.2,0.0,0,198,0.0,0.0
000A6,2023-01-28 14:00:00,-4.5,1021.3,88,-6.2,0.0,0,198,0.0,0.0
000A6,2023-01-28 14:30:00,-4.4,1021.3,88,-6.1,0.0,0,198,0.0,0.0
000A6,2023-01-28 15:00:00,-4.9,1021.5,89,-6.5,0.0,0,198,0.0,0.0
000A6,2023-01-28 15:30:00,-4.9,1021.8,90,-6.3,0.0,0,198,0.0,0.0
000A6,2023-01-28 16:00:00,-5.0,1022.0,90,-6.4,0.0,0,198,0.0,0.0
000A6,2023-01-28 16:30:00,-5.4,1022.4,92,-6.5,0.0,0,198,0.0,0.0
000A6,2023-01-28 17:00:00,-5.7,1022.6,92,-6.8,0.0,0,9,0.0,0.0
000A6,2023-01-28 17:30:00,-5.4,1023.1,89,-6.9,1.6,0,47,0.0,0.0
000A6,2023-01-28 18:00:00,-5.4,1023.3,87,-7.3,1.6,0,40,0.0,0.0
000A6,2023-01-28 18:30:00,-5.5,1023.6,87,-7.3,1.6,0,28,0.0,0.0
000A6,2023-01-28 19:00:00,-5.5,1023.8,87,-7.3,1.6,0,32,0.0,0.0
000A6,2023-01-28 19:30:00,-5.7,1023.8,87,-7.5,1.6,0,345,0.0,0.0
000A6,2023-01-28 20:00:00,-5.9,1024.0,87,-7.7,0.0,0,355,0.0,0.0
000A6,2023-01-28 20:30:00,-6.0,1024.0,87,-7.8,1.6,0,51,0.0,0.0
000A6,2023-01-28 21:00:00,-6.2,1024.3,87,-8.0,0.0,0,42,0.0,0.0
000A6,2023-01-28 21:30:00,-6.6,1024.5,87,-8.4,0.0,0,36,0.0,0.0
000A6,2023-01-28 22:00:00,-6.8,1024.5,87,-8.6,0.0,0,345,0.0,0.0
000A6,2023-01-28 22:30:00,-7.6,1024.6,87,-9.3,0.0,0,345,0.0,0.0
000A6,2023-01-28 23:00:00,-7.7,1024.5,88,-9.4,0.0,0,345,0.0,0.0
000A6,2023-01-28 23:30:00,-7.9,1024.4,89,-9.4,0.0,0,345,0.0,0.0
000A6,2023-01-29 00:00:00,-8.2,1024.5,97,-8.6,0.0,0,345,0.0,0.0
000A6,2023-01-29 00:30:00,-8.4,1024.7,90,-9.7,0.0,0,344,0.0,0.0
000A6,2023-01-29 01:00:00,-8.2,1024.1,90,-9.5,0.0,0,9,0.0,0.0
000A6,2023-01-29 01:30:00,-8.5,1024.3,90,-9.8,0.0,0,9,0.0,0.0
000A6,2023-01-29 02:00:00,-8.6,1024.7,90,-9.9,0.0,0,9,0.0,0.0
000A6,2023-01-29 02:30:00,-8.8,1024.8,90,-10.2,0.0,0,9,0.0,0.0
000A6,2023-01-29 03:00:00,-8.9,1025.3,90,-10.3,0.0,0,9,0.0,0.0
000A6,2023-01-29 03:30:00,-9.1,1025.6,90,-10.4,0.0,0,9,0.0,0.0
000A6,2023-01-29 04:00:00,-8.9,1025.3,91,-10.1,0.0,0,9,0.0,0.0
000A6,2023-01-29 04:30:00,-8.7,1025.3,90,-10.1,0.0,0,31,0.0,0.0
000A6,2023-01-29 05:00:00,-9.2,1025.4,91,-10.4,0.0,0,31,0.0,0.0
000A6,2023-01-29 05:30:00,-8.7,1025.3,91,-9.9,0.0,0,30,0.0,0.0
000A6,2023-01-29 06:00:00,-8.8,1025.8,90,-10.1,0.0,0,30,0.0,0.0
000A6,2023-01-29 06:30:00,-8.9,1026.2,90,-10.3,0.0,0,30,0.0,0.0
000A6,2023-01-29 07:00:00,-9.3,1026.6,91,-10.5,0.0,0,30,0.0,0.0
000A6,2023-01-29 07:30:00,-8.9,1027.1,91,-10.1,0.0,0,30,0.0,0.0
000A6,2023-01-29 08:00:00,-8.4,1027.0,91,-9.7,0.0,0,30,0.0,0.0
000A6,2023-01-29 08:30:00,-6.7,1026.6,91,-7.9,0.0,0,30,0.0,0.0
000A6,2023-01-29 09:00:00,-3.4,1026.8,79,-6.6,0.0,0,30,0.0,0.0
000A6,2023-01-29 09:30:00,-3.5,1026.9,77,-7.0,0.0,0,30,0.0,0.0
000A6,2023-01-29 10:00:00,-4.3,1026.9,81,-7.1,0.0,0,174,0.0,0.0
000A6,2023-01-29 10:30:00,-4.7,1027.4,85,-6.9,3.2,0,186,0.0,0.0
000A6,2023-01-29 11:00:00,-4.8,1027.5,86,-6.8,0.0,0,186,0.0,0.0
000A6,2023-01-29 11:30:00,-4.2,1027.6,84,-6.5,0.0,0,184,0.0,0.0
000A6,2023-01-29 12:00:00,-4.1,1027.5,83,-6.6,0.0,0,184,0.0,0.0
000A6,2023-01-29 12:30:00,-3.9,1027.1,83,-6.4,0.0,0,184,0.0,0.0
000A6,2023-01-29 13:00:00,-3.6,1026.6,83,-6.0,0.0,0,184,0.0,0.0
000A6,2023-01-29 13:30:00,-3.5,1026.6,85,-5.7,3.2,0,184,0.0,0.0
000A6,2023-01-29 14:00:00,-3.8,1026.7,87,-5.6,0.0,0,184,0.0,0.0
000A6,2023-01-29 14:30:00,-4.5,1026.7,90,-5.9,0.0,0,184,0.0,0.0
000A6,2023-01-29 15:00:00,-4.7,1026.7,90,-6.1,0.0,0,184,0.0,0.0
000A6,2023-01-29 15:30:00,-5.2,1026.9,92,-6.3,3.2,0,184,0.0,0.0
000A6,2023-01-29 16:00:00,-5.6,1027.2,93,-6.5,0.0,0,184,0.0,0.0
000A6,2023-01-29 16:30:00,-6.1,1027.0,93,-7.1,0.0,0,184,0.0,0.0
000A6,2023-01-29 17:00:00,-6.1,1027.1,93,-7.1,0.0,0,184,0.0,0.0
000A6,2023-01-29 17:30:00,-6.6,1027.4,93,-7.6,0.0,0,184,0.0,0.0
000A6,2023-01-29 18:00:00,-7.2,1027.8,93,-8.2,0.0,0,184,0.0,0.0
000A6,2023-01-29 18:30:00,-6.9,1027.6,93,-7.8,0.0,0,93,0.0,0.0
000A6,2023-01-29 19:00:00,-6.7,1027.6,93,-7.6,0.0,0,91,0.0,0.0
000A6,2023-01-29 19:30:00,-6.1,1027.8,90,-7.5,0.0,0,92,0.0,0.0
000A6,2023-01-29 20:00:00,-6.5,1027.8,89,-8.0,0.0,0,91,0.0,0.0
000A6,2023-01-29 20:30:00,-6.7,1027.7,88,-8.3,0.0,0,91,0.0,0.0
000A6,2023-01-29 21:00:00,-6.9,1028.0,86,-8.8,0.0,0,91,0.0,0.0
000A6,2023-01-29 21:30:00,-7.4,1028.3,87,-9.2,0.0,0,91,0.0,0.0
000A6,2023-01-29 22:00:00,-7.7,1028.5,89,-9.2,0.0,0,91,0.0,0.0
000A6,2023-01-29 22:30:00,-7.0,1028.2,91,-8.2,0.0,0,84,0.0,0.0
000A6,2023-01-29 23:00:00,-6.6,1027.8,90,-7.9,0.0,0,82,0.0,0.0
000A6,2023-01-29 23:30:00,-5.5,1027.3,83,-7.9,0.0,0,68,0.0,0.0
000A6,2023-01-30 00:00:00,-5.4,1027.2,81,-8.2,0.0,0,34,0.0,0.0
000A6,2023-01-30 00:30:00,-5.9,1027.0,82,-8.5,1.6,0,268,0.0,0.0
000A6,2023-01-30 01:00:00,-5.4,1026.8,79,-8.5,0.0,0,269,0.0,0.0
000A6,2023-01-30 01:30:00,-6.3,1026.7,81,-9.0,0.0,0,269,0.0,0.0
000A6,2023-01-30 02:00:00,-6.3,1026.7,80,-9.2,0.0,0,269,0.0,0.0
000A6,2023-01-30 02:30:00,-6.4,1026.6,83,-8.9,0.0,0,269,0.0,0.0
000A6,2023-01-30 03:00:00,-6.2,1026.6,82,-8.7,0.0,0,273,0.0,0.0
000A6,2023-01-30 03:30:00,-6.0,1026.8,80,-8.9,0.0,0,273,0.0,0.0
000A6,2023-01-30 04:00:00,-6.1,1027.4,81,-8.8,0.0,0,273,0.0,0.0
000A6,2023-01-30 04:30:00,-5.7,1027.5,81,-8.5,0.0,0,273,0.0,0.0
000A6,2023-01-30 05:00:00,-4.9,1027.1,79,-8.0,0.0,0,273,0.0,0.0
000A6,2023-01-30 05:30:00,-4.4,1026.6,76,-8.0,0.0,0,273,0.0,0.0
000A6,2023-01-30 06:00:00,-4.7,1026.3,74,-8.6,0.0,0,273,0.0,0.0
000A6,2023-01-30 06:30:00,-5.4,1026.5,76,-9.0,0.0,0,273,0.0,0.0
000A6,2023-01-30 07:00:00,-5.8,1026.6,78,-9.1,0.0,0,273,0.0,0.0
000A6,2023-01-30 07:30:00,-5.6,1026.6,78,-8.8,0.0,0,273,0.0,0.0
000A6,2023-01-30 08:00:00,-4.4,1026.5,74,-8.3,1.6,0,274,0.0,0.0
000A6,2023-01-30 08:30:00,-3.2,1027.3,72,-7.5,0.0,0,273,0.0,0.0
000A6,2023-01-30 09:00:00,-2.1,1027.1,72,-6.4,0.0,0,273,0.0,0.0
000A6,2023-01-30 09:30:00,-0.1,1027.1,67,-5.5,0.0,0,273,0.0,0.0
000A6,2023-01-30 10:00:00,0.2,1027.1,66,-5.4,0.0,0,186,0.0,0.0
000A6,2023-01-30 10:30:00,-0.8,1027.0,68,-6.0,0.0,0,186,0.0,0.0
000A6,2023-01-30 11:00:00,-1.9,1027.4,77,-5.4,1.6,0,180,0.0,0.0
000A6,2023-01-30 11:30:00,-1.7,1027.7,78,-5.1,0.0,0,180,0.0,0.0
000A6,2023-01-30 12:00:00,-1.9,1027.2,79,-5.1,0.0,0,179,0.0,0.0
000A6,2023-01-30 12:30:00,-0.6,1026.2,75,-4.4,1.6,0,125,0.0,0.0
000A6,2023-01-30 13:00:00,0.7,1026.0,69,-4.3,0.0,0,61,0.0,0.0
000A6,2023-01-30 13:30:00,-0.3,1025.8,70,-5.1,0.0,0,69,0.0,0.0
000A6,2023-01-30 14:00:00,-0.7,1025.7,81,-3.6,0.0,0,125,0.0,0.0
000A6,2023-01-30 14:30:00,-2.2,1026.1,86,-4.2,0.0,0,173,0.0,0.0
000A6,2023-01-30 15:00:00,-2.0,1026.3,86,-4.0,0.0,0,173,0.0,0.0
000A6,2023-01-30 15:30:00,-2.5,1026.5,88,-4.2,0.0,0,173,0.0,0.0
000A6,2023-01-30 16:00:00,-2.4,1026.6,89,-4.0,1.6,0,70,0.0,0.0
000A6,2023-01-30 16:30:00,-2.1,1026.7,83,-4.6,0.0,0,69,0.0,0.0
000A6,2023-01-30 17:00:00,-2.5,1027.1,83,-5.0,0.0,0,67,0.0,0.0
000A6,2023-01-30 17:30:00,-2.7,1027.3,81,-5.5,0.0,0,47,0.0,0.0
000A6,2023-01-30 18:00:00,-3.0,1027.5,79,-6.1,0.0,0,47,0.0,0.0
000A6,2023-01-30 18:30:00,-3.2,1027.8,80,-6.1,0.0,0,47,0.0,0.0
000A6,2023-01-30 19:00:00,-2.8,1027.9,80,-5.8,0.0,0,280,0.0,0.0
000A6,2023-01-30 19:30:00,-3.0,1027.8,81,-5.8,0.0,0,280,0.0,0.0
000A6,2023-01-30 20:00:00,-2.9,1027.8,82,-5.5,0.0,0,280,0.0,0.0
000A6,2023-01-30 20:30:00,-2.9,1028.0,84,-5.2,0.0,0,280,0.0,0.0
000A6,2023-01-30 21:00:00,-3.2,1028.0,86,-5.2,0.0,0,281,0.0,0.0
000A6,2023-01-30 21:30:00,-3.2,1027.8,86,-5.2,0.0,0,281,0.0,0.0
000A6,2023-01-30 22:00:00,-3.7,1027.9,87,-5.6,0.0,0,281,0.0,0.0
000A6,2023-01-30 22:30:00,-3.7,1027.7,86,-5.7,0.0,0,281,0.0,0.0
000A6,2023-01-30 23:00:00,-3.7,1027.4,87,-5.6,0.0,0,281,0.0,0.0
000A6,2023-01-30 23:30:00,-4.1,1027.4,88,-5.8,0.0,0,281,0.0,0.0
000A6,2023-01-31 00:00:00,-3.4,1027.4,88,-5.1,0.0,0,54,0.0,0.0
000A6,2023-01-31 00:30:00,-3.4,1027.1,88,-5.1,0.0,0,31,0.0,0.0
000A6,2023-01-31 01:00:00,-3.6,1026.8,89,-5.2,0.0,0,31,0.0,0.0
000A6,2023-01-31 01:30:00,-4.1,1026.6,88,-5.8,0.0,0,31,0.0,0.0
000A6,2023-01-31 02:00:00,-4.4,1026.6,87,-6.3,0.0,0,269,0.0,0.0
000A6,2023-01-31 02:30:00,-4.3,1026.8,86,-6.3,0.0,0,269,0.0,0.0
000A6,2023-01-31 03:00:00,-4.8,1026.8,87,-6.7,0.0,0,272,0.0,0.0
000A6,2023-01-31 03:30:00,-4.9,1027.0,87,-6.7,0.0,0,275,0.0,0.0
000A6,2023-01-31 04:00:00,-4.8,1027.3,88,-6.5,0.0,0,275,0.0,0.0
000A6,2023-01-31 04:30:00,-4.9,1027.7,87,-6.7,0.0,0,297,0.0,0.0
000A6,2023-01-31 05:00:00,-5.1,1027.7,88,-6.7,0.0,0,297,0.0,0.0
000A6,2023-01-31 05:30:00,-5.4,1027.9,88,-7.1,0.0,0,297,0.0,0.0
000A6,2023-01-31 06:00:00,-5.3,1028.1,87,-7.2,0.0,0,298,0.0,0.0
000A6,2023-01-31 06:30:00,-4.9,1028.2,87,-6.7,0.0,0,298,0.0,0.0
000A6,2023-01-31 07:00:00,-4.8,1028.4,86,-6.8,1.6,0,298,0.0,0.0
000A6,2023-01-31 07:30:00,-5.3,1028.6,84,-7.6,0.0,0,298,0.0,0.0
000A6,2023-01-31 08:00:00,-5.3,1028.8,84,-7.6,0.0,0,298,0.0,0.0
000A6,2023-01-31 08:30:00,-2.4,1029.1,83,-4.9,0.0,0,298,0.0,0.0
000A6,2023-01-31 09:00:00,-0.2,1029.4,73,-4.5,0.0,0,298,0.0,0.0
000A6,2023-01-31 09:30:00,0.0,1029.2,71,-4.6,0.0,0,299,0.0,0.0
000A6,2023-01-31 10:00:00,0.1,1029.5,70,-4.8,0.0,0,299,0.0,0.0
000A6,2023-01-31 10:30:00,0.5,1029.6,69,-4.5,0.0,0,271,0.0,0.0
000A6,2023-01-31 11:00:00,-0.2,1029.7,74,-4.2,0.0,0,227,0.0,0.0
000A6,2023-01-31 11:30:00,0.0,1029.3,78,-3.4,0.0,0,227,0.0,0.0
000A6,2023-01-31 12:00:00,1.3,1029.0,75,-2.6,0.0,0,227,0.0,0.0
000A6,2023-01-31 12:30:00,1.4,1028.6,69,-3.6,0.0,0,227,0.0,0.0
000A6,2023-01-31 13:00:00,2.0,1028.3,65,-3.9,1.6,0,216,0.0,0.0
000A6,2023-01-31 13:30:00,-0.1,1028.3,84,-2.4,4.8,0,194,0.0,0.0
000A6,2023-01-31 14:00:00,-0.5,1028.4,88,-2.2,1.6,0,193,0.0,0.0
000A6,2023-01-31 14:30:00,-0.9,1027.9,89,-2.5,0.0,0,181,0.0,0.0
000A6,2023-01-31 15:00:00,-0.6,1028.0,87,-2.5,0.0,0,181,0.0,0.0
000A6,2023-01-31 15:30:00,-1.1,1027.8,89,-2.6,0.0,0,181,0.0,0.0
000A6,2023-01-31 16:00:00,-1.4,1028.1,91,-2.7,0.0,0,181,0.0,0.0
000A6,2023-01-31 16:30:00,-1.3,1028.8,91,-2.6,0.0,0,181,0.0,0.0
000A6,2023-01-31 17:00:00,-1.2,1028.8,85,-3.4,0.0,0,179,0.0,0.0
000A6,2023-01-31 17:30:00,-0.8,1028.7,81,-3.6,0.0,0,360,0.0,0.0
000A6,2023-01-31 18:00:00,-0.3,1028.6,68,-5.5,1.6,0,345,0.0,0.0
000A6,2023-01-31 18:30:00,0.4,1028.8,63,-5.8,0.0,0,344,0.0,0.0
000A6,2023-01-31 19:00:00,0.0,1028.6,68,-5.2,0.0,0,344,0.0,0.0
000A6,2023-01-31 19:30:00,0.3,1028.5,64,-5.7,0.0,0,344,0.0,0.0
000A6,2023-01-31 20:00:00,0.9,1028.6,60,-6.0,0.0,0,344,0.0,0.0
000A6,2023-01-31 20:30:00,0.2,1028.7,69,-4.9,0.0,0,268,0.0,0.0
000A6,2023-01-31 21:00:00,-0.8,1028.6,75,-4.7,0.0,0,268,0.0,0.0
000A6,2023-01-31 21:30:00,-1.3,1028.5,77,-4.8,0.0,0,268,0.0,0.0
000A6,2023-01-31 22:00:00,-2.0,1028.4,81,-4.8,0.0,0,268,0.0,0.0
000A6,2023-01-31 22:30:00,-2.2,1028.1,82,-4.9,0.0,0,268,0.0,0.0
000A6,2023-01-31 23:00:00,-2.4,1027.6,80,-5.4,0.0,0,268,0.0,0.0
000A6,2023-01-31 23:30:00,-2.4,1027.5,76,-6.1,0.0,0,268,0.0,0.0
